Workbook

Sheet Cover
A1: Administrator's Command Toolkit — Texas Edition
A2: Clear Path Education Group, LLC · clearpathedgroup.com
A3: Built for Texas campus administrators, APs, and Campus Behavior Coordinators.
A4: One incident intake → everything else auto-populates. Investigation notes, evidence chain of custody, parent call scripts, 10-day SPED compliance alerts, discipline trends, Monday morning briefings — all in one file. Built to survive a legal challenge, eliminate re-entry work, and save administrators 30+ minutes per incident.
A6: ▸ DISTRICT & CAMPUS INFORMATION
B7: District Name
B8: Campus Name
B9: Department / Team
B10: Coordinator
B11: School Year | C11: 2025–2026
B12: Prepared By
A14: ▸ HOW TO USE THIS TRACKER
B15: 1. ⚡ Command Dashboard | C15: Live campus summary. Open incidents, 10-day SPED flags, investigation status, parent contact gaps — all in one view. Print in 30 seconds.
B16: 2. Incident Intake | C16: ONE ROW per incident. Enter it once here and every other tab auto-populates. This is your master record for every case.
B17: 3. Investigation Tracker | C17: Structured 5-stage workflow from intake to closed. Integrity checklist prevents premature case closure. Timeline auto-builds as you work.
B18: 4. 10-Day Compliance | C18: Auto-tracks cumulative SPED removal days. Alerts at day 7 (warning), day 9 (urgent), day 10+ (exceeded). Never get caught off guard.
B19: 5. Evidence Tracker | C19: Chain of custody log for every piece of evidence. Legal hold flag. Admins lose cases because evidence isn't documented — this closes that gap.
B20: 6. Parent Contact Log | C20: Every call logged with date, method, and outcome. Select the offense → a phone script auto-populates. 15 scripts for 15 offense types.
B21: 7. Discipline Trends | C21: Auto-built from Incident Intake. Offense frequency, monthly patterns, repeat offender flags, SPED breakdown. No manual data entry needed.
B22: 8. 📋 Monday Briefing | C22: Print-ready weekly briefing: open cases, investigation deadlines, parent follow-ups due, students returning from placement this week.
B23: 9. Investigation Notes | C23: Structured template for witness interviews, evidence review, and findings. Separate from the Intake record — legally important distinction.
B24: 10. Outcome & Letters | C24: Consequence decisions, outcome letter drafts, appeal deadlines, appeal tracking. Never miss a response deadline again.
A26: ⚠ FOR ORGANIZATIONAL USE ONLY — Not legal advice. Consult district counsel for all placement and consequence decisions.
A28: 🚀 Ready to scale? Visit clearpathedgroup.com to upgrade to the full platform

Sheet Incident Intake
A1: Incident Intake — Master Record · Enter once, auto-fills everywhere
A2: ⚙ Gray columns auto-calculate. White columns = your input. Enter Incident ID, Date, and Student ID first — they drive everything else.
A3: FORMAT: Incident ID = INC-2025-001 · Time = HH:MM · Student ID must match your student roster
A4: Incident ID | B4: Date | C4: Time | D4: ⚙ Day of Week | E4: Student ID | F4: Last Name | G4: First Name | H4: Grade | I4: Campus | J4: Offense Category | K4: Offense Description | L4: TEC Reference | M4: Location | N4: Witnesses Named? | O4: # Witnesses | P4: Injury Reported? | Q4: Medical Attention? | R4: Property Damage? | S4: Law Enforcement Notified? | T4: LE Arrival Time | U4: SPED Status | V4: ⚙ 10-Day Running Total | W4: ⚙ 10-Day Flag | X4: Investigation Status | Y4: Assigned Investigator | Z4: ⚙ Days Case Open | AA4: Parent Notified? | AB4: Parent Notified Date | AC4: Consequence Assigned | AD4: Consequence Start | AE4: Consequence End | AF4: Appeal Filed? | AG4: ⚙ Case Age (days) | AH4: Notes
D5: =IF(B5="","",TEXT(B5,"DDDD")) | V5: =IF(E5="","",IFERROR(SUMIF('10-Day Compliance'!$A:$A,E5,'10-Day Compliance'!$E:$E),0)) | W5: =IF(U5="No","",IF(V5="","",IF(V5>=10,"🔴 EXCEEDED — MDR NOW",IF(V5>=9,"🟠 URGENT — DAY "&V5,IF(V5>=7,"🟡 WARNING — DAY "&V5,"✅ OK — Day "&V5))))) | Z5: =IF(OR(B5="",X5="Closed"),"",TODAY()-B5) | AG5: =IF(B5="","",TODAY()-B5)
D6: =IF(B6="","",TEXT(B6,"DDDD")) | V6: =IF(E6="","",IFERROR(SUMIF('10-Day Compliance'!$A:$A,E6,'10-Day Compliance'!$E:$E),0)) | W6: =IF(U6="No","",IF(V6="","",IF(V6>=10,"🔴 EXCEEDED — MDR NOW",IF(V6>=9,"🟠 URGENT — DAY "&V6,IF(V6>=7,"🟡 WARNING — DAY "&V6,"✅ OK — Day "&V6))))) | Z6: =IF(OR(B6="",X6="Closed"),"",TODAY()-B6) | AG6: =IF(B6="","",TODAY()-B6)
D7: =IF(B7="","",TEXT(B7,"DDDD")) | V7: =IF(E7="","",IFERROR(SUMIF('10-Day Compliance'!$A:$A,E7,'10-Day Compliance'!$E:$E),0)) | W7: =IF(U7="No","",IF(V7="","",IF(V7>=10,"🔴 EXCEEDED — MDR NOW",IF(V7>=9,"🟠 URGENT — DAY "&V7,IF(V7>=7,"🟡 WARNING — DAY "&V7,"✅ OK — Day "&V7))))) | Z7: =IF(OR(B7="",X7="Closed"),"",TODAY()-B7) | AG7: =IF(B7="","",TODAY()-B7)
D8: =IF(B8="","",TEXT(B8,"DDDD")) | V8: =IF(E8="","",IFERROR(SUMIF('10-Day Compliance'!$A:$A,E8,'10-Day Compliance'!$E:$E),0)) | W8: =IF(U8="No","",IF(V8="","",IF(V8>=10,"🔴 EXCEEDED — MDR NOW",IF(V8>=9,"🟠 URGENT — DAY "&V8,IF(V8>=7,"🟡 WARNING — DAY "&V8,"✅ OK — Day "&V8))))) | Z8: =IF(OR(B8="",X8="Closed"),"",TODAY()-B8) | AG8: =IF(B8="","",TODAY()-B8)
D9: =IF(B9="","",TEXT(B9,"DDDD")) | V9: =IF(E9="","",IFERROR(SUMIF('10-Day Compliance'!$A:$A,E9,'10-Day Compliance'!$E:$E),0)) | W9: =IF(U9="No","",IF(V9="","",IF(V9>=10,"🔴 EXCEEDED — MDR NOW",IF(V9>=9,"🟠 URGENT — DAY "&V9,IF(V9>=7,"🟡 WARNING — DAY "&V9,"✅ OK — Day "&V9))))) | Z9: =IF(OR(B9="",X9="Closed"),"",TODAY()-B9) | AG9: =IF(B9="","",TODAY()-B9)
D10: =IF(B10="","",TEXT(B10,"DDDD")) | V10: =IF(E10="","",IFERROR(SUMIF('10-Day Compliance'!$A:$A,E10,'10-Day Compliance'!$E:$E),0)) | W10: =IF(U10="No","",IF(V10="","",IF(V10>=10,"🔴 EXCEEDED — MDR NOW",IF(V10>=9,"🟠 URGENT — DAY "&V10,IF(V10>=7,"🟡 WARNING — DAY "&V10,"✅ OK — Day "&V10))))) | Z10: =IF(OR(B10="",X10="Closed"),"",TODAY()-B10) | AG10: =IF(B10="","",TODAY()-B10)
D11: =IF(B11="","",TEXT(B11,"DDDD")) | V11: =IF(E11="","",IFERROR(SUMIF('10-Day Compliance'!$A:$A,E11,'10-Day Compliance'!$E:$E),0)) | W11: =IF(U11="No","",IF(V11="","",IF(V11>=10,"🔴 EXCEEDED — MDR NOW",IF(V11>=9,"🟠 URGENT — DAY "&V11,IF(V11>=7,"🟡 WARNING — DAY "&V11,"✅ OK — Day "&V11))))) | Z11: =IF(OR(B11="",X11="Closed"),"",TODAY()-B11) | AG11: =IF(B11="","",TODAY()-B11)
D12: =IF(B12="","",TEXT(B12,"DDDD")) | V12: =IF(E12="","",IFERROR(SUMIF('10-Day Compliance'!$A:$A,E12,'10-Day Compliance'!$E:$E),0)) | W12: =IF(U12="No","",IF(V12="","",IF(V12>=10,"🔴 EXCEEDED — MDR NOW",IF(V12>=9,"🟠 URGENT — DAY "&V12,IF(V12>=7,"🟡 WARNING — DAY "&V12,"✅ OK — Day "&V12))))) | Z12: =IF(OR(B12="",X12="Closed"),"",TODAY()-B12) | AG12: =IF(B12="","",TODAY()-B12)
D13: =IF(B13="","",TEXT(B13,"DDDD")) | V13: =IF(E13="","",IFERROR(SUMIF('10-Day Compliance'!$A:$A,E13,'10-Day Compliance'!$E:$E),0)) | W13: =IF(U13="No","",IF(V13="","",IF(V13>=10,"🔴 EXCEEDED — MDR NOW",IF(V13>=9,"🟠 URGENT — DAY "&V13,IF(V13>=7,"🟡 WARNING — DAY "&V13,"✅ OK — Day "&V13))))) | Z13: =IF(OR(B13="",X13="Closed"),"",TODAY()-B13) | AG13: =IF(B13="","",TODAY()-B13)
D14: =IF(B14="","",TEXT(B14,"DDDD")) | V14: =IF(E14="","",IFERROR(SUMIF('10-Day Compliance'!$A:$A,E14,'10-Day Compliance'!$E:$E),0)) | W14: =IF(U14="No","",IF(V14="","",IF(V14>=10,"🔴 EXCEEDED — MDR NOW",IF(V14>=9,"🟠 URGENT — DAY "&V14,IF(V14>=7,"🟡 WARNING — DAY "&V14,"✅ OK — Day "&V14))))) | Z14: =IF(OR(B14="",X14="Closed"),"",TODAY()-B14) | AG14: =IF(B14="","",TODAY()-B14)
D15: =IF(B15="","",TEXT(B15,"DDDD")) | V15: =IF(E15="","",IFERROR(SUMIF('10-Day Compliance'!$A:$A,E15,'10-Day Compliance'!$E:$E),0)) | W15: =IF(U15="No","",IF(V15="","",IF(V15>=10,"🔴 EXCEEDED — MDR NOW",IF(V15>=9,"🟠 URGENT — DAY "&V15,IF(V15>=7,"🟡 WARNING — DAY "&V15,"✅ OK — Day "&V15))))) | Z15: =IF(OR(B15="",X15="Closed"),"",TODAY()-B15) | AG15: =IF(B15="","",TODAY()-B15)
D16: =IF(B16="","",TEXT(B16,"DDDD")) | V16: =IF(E16="","",IFERROR(SUMIF('10-Day Compliance'!$A:$A,E16,'10-Day Compliance'!$E:$E),0)) | W16: =IF(U16="No","",IF(V16="","",IF(V16>=10,"🔴 EXCEEDED — MDR NOW",IF(V16>=9,"🟠 URGENT — DAY "&V16,IF(V16>=7,"🟡 WARNING — DAY "&V16,"✅ OK — Day "&V16))))) | Z16: =IF(OR(B16="",X16="Closed"),"",TODAY()-B16) | AG16: =IF(B16="","",TODAY()-B16)
... D304: =IF(B304="","",TEXT(B304,"DDDD")) | V304: =IF(E304="","",IFERROR(SUMIF('10-Day Compliance'!$A:$A,E304,'10-Day Compliance'!$E:$E),0)) | W304: =IF(U304="No","",IF(V304="","",IF(V304>=10,"🔴 EXCEEDED — MDR NOW",IF(V304>=9,"🟠 URGENT — DAY "&V304,IF(V304>=7,"🟡 WARNING — DAY "&V304,"✅ OK — Day "&V304))))) | Z304: =IF(OR(B304="",X304="Closed"),"",TODAY()-B304) | AG304: =IF(B304="","",TODAY()-B304)
A305: 🚀 Upgrade to the full platform · clearpathedgroup.com · Clear Path Education Group, LLC

Sheet ⚡ Command Dashboard
A1: ⚡ ADMINISTRATOR'S COMMAND DASHBOARD — Texas Edition
B2: ="As of: "&TEXT(TODAY(),"DDDD, MMMM D, YYYY")&" · Administrator: (enter name on Cover)" -> As of: Tuesday, July 14, 2026 · Administrator: (enter name on Cover)
B3: 🔴 CRITICAL — REQUIRES IMMEDIATE ACTION
B4: 🔴 SPED 10-Day Limit EXCEEDED | C4: =COUNTIF('10-Day Compliance'!AA5:AA154,"*EXCEEDED*") -> 0
B5: 🟠 SPED — Day 9 (URGENT) | C5: =COUNTIF('10-Day Compliance'!AA5:AA154,"*URGENT*") -> 0
B6: ⚠ Evidence Items on Legal Hold | C6: =COUNTIF('Evidence Tracker'!S5:S304,"Yes") -> 0
B7: ⏰ Appeal Response Deadlines — Due Within 3 Days | C7: =COUNTIFS('Outcome & Letters'!N5:N154,"Yes",'Outcome & Letters'!Q5:Q154,">="&TODAY(),'Outcome & Letters'!Q5:Q154,"<="&(TODAY()+3)) -> 0
B8: 📋 Integrity Checks Incomplete (before case close) | C8: =COUNTIF('Investigation Tracker'!AD6:AD205,"*INCOMPLETE*") -> 0
B10: 🔍 INVESTIGATION STATUS
B11: Open — Not Yet Started | C11: =COUNTIF('Incident Intake'!X5:X304,"Open") -> 0
B12: In Progress | C12: =COUNTIF('Incident Intake'!X5:X304,"In Progress") -> 0
B13: Finding Reached | C13: =COUNTIF('Incident Intake'!X5:X304,"Finding Reached") -> 0
B14: Consequence Assigned | C14: =COUNTIF('Incident Intake'!X5:X304,"Consequence Assigned") -> 0
B15: Closed This Year | C15: =COUNTIF('Incident Intake'!X5:X304,"Closed") -> 0
B16: On Hold — Legal | C16: =COUNTIF('Incident Intake'!X5:X304,"On Hold — Legal") -> 0
B17: ⚠ Open Cases Stale 5+ Days | C17: =COUNTIFS('Incident Intake'!X5:X304,"Open",'Incident Intake'!Z5:Z304,">="&5) -> 0
B19: 📊 CAMPUS TOTALS — SCHOOL YEAR
B20: Total Incidents Logged | C20: =COUNTA('Incident Intake'!A5:A304) -> 0
B21: Total ISS Placements | C21: =COUNTIF('Incident Intake'!AC5:AC304,"ISS*") -> 0
B22: Total OSS Placements | C22: =COUNTIF('Incident Intake'!AC5:AC304,"OSS*") -> 0
B23: DAEP Placements (all) | C23: =COUNTIF('Incident Intake'!AC5:AC304,"DAEP*") -> 0
B24: Expulsion Referrals | C24: =COUNTIF('Incident Intake'!AC5:AC304,"Expulsion*") -> 0
B25: Law Enforcement Referrals | C25: =COUNTIF('Incident Intake'!S5:S304,"Yes") -> 0
B26: Parent Contacts Logged | C26: =COUNTA('Parent Contact Log'!A5:A254) -> 0
B27: Evidence Items Documented | C27: =COUNTA('Evidence Tracker'!A5:A304) -> 0
B29: ♿ SPED COMPLIANCE DASHBOARD
B30: 🟡 SPED — Day 7-8 (Warning) | C30: =COUNTIF('10-Day Compliance'!AA5:AA154,"*WARNING*") -> 0
B31: 🟠 SPED — Day 9 (Urgent) | C31: =COUNTIF('10-Day Compliance'!AA5:AA154,"*URGENT*") -> 0
B32: 🔴 SPED — Day 10+ (Exceeded) | C32: =COUNTIF('10-Day Compliance'!AA5:AA154,"*EXCEEDED*") -> 0
B33: MDR Required — Not Yet Done | C33: =COUNTIFS('10-Day Compliance'!V5:V154,"Yes",'10-Day Compliance'!W5:W154,"") -> 0
B35: ⚖️ APPEAL & OUTCOME TRACKER
B36: Active Appeals | C36: =COUNTIF('Outcome & Letters'!P5:P154,"Filed*") -> 0
B37: Appeals Resolved — Upheld | C37: =COUNTIF('Outcome & Letters'!T5:T154,"UPHELD*") -> 0
B38: Appeals Resolved — Overturned | C38: =COUNTIF('Outcome & Letters'!T5:T154,"OVERTURNED") -> 0
B39: Outcome Letters NOT Sent | C39: =COUNTIFS('Outcome & Letters'!A5:A154,"<>""",'Outcome & Letters'!J5:J154,"No") -> 0
A41: 🚀 Automate this dashboard in real-time across all campuses · clearpathedgroup.com/waypoint · Clear Path Education Group, LLC

Sheet Investigation Tracker
A1: Investigation Tracker — 5-Stage Workflow from Intake to Closed Case
A2: One row per investigation. Enter Incident ID in col A → student info auto-fills from Intake tab. Work through stages left to right.
A3: ⚙ Integrity Check (col AD): All 5 boxes must be 'Yes' before marking Closed. Red = incomplete. A case that closes early is a liability.
A4: IDENTITY | F4: STAGE 1 — INTAKE | I4: STAGE 2 — INVESTIGATION | N4: STAGE 3 — FINDING | Q4: STAGE 4 — CONSEQUENCE | V4: STAGE 5 — CLOSE | AB4: STATUS | AE4: SPED | AI4: APPEAL / NOTES
A5: Incident ID | B5: ⚙ Date | C5: ⚙ Student ID | D5: ⚙ Student Name | E5: ⚙ Offense | F5: Stage 1: Intake Complete? | G5: Intake Date | H5: Referred By | I5: Stage 2: Witnesses Identified? | J5: Witnesses Interviewed? | K5: Last Interview Date | L5: Student Interviewed? | M5: Student Interview Date | N5: Stage 3: Evidence Reviewed? | O5: Finding | P5: Finding Date | Q5: Stage 4: Consequence Assigned? | R5: Consequence | S5: Consequence Date | T5: Parent Notified of Outcome? | U5: Outcome Notice Date | V5: Stage 5: All Docs Signed? | W5: SPED Coordinator Notified? | X5: Student Given Opportunity to Respond? | Y5: Evidence Documented? | Z5: Rationale Documented? | AA5: Case Closed Date | AB5: ⚙ Investigation Status | AC5: ⚙ Days Open | AD5: ⚙ Integrity Check | AE5: SPED? | AF5: MDR Status | AG5: ARD Notification Date | AH5: FAPE Confirmed? | AI5: Appeal Filed? | AJ5: Appeal Filed Date | AK5: ⚙ Appeal Deadline | AL5: Appeal Status | AM5: Notes
B6: =IFERROR(VLOOKUP(A6,'Incident Intake'!$A:$B,2,FALSE()),"") | C6: =IFERROR(VLOOKUP(A6,'Incident Intake'!$A:$E,5,FALSE()),"") | D6: =IFERROR(VLOOKUP(A6,'Incident Intake'!$A:$G,7,FALSE())&" "&VLOOKUP(A6,'Incident Intake'!$A:$F,6,FALSE()),"") | E6: =IFERROR(VLOOKUP(A6,'Incident Intake'!$A:$J,10,FALSE()),"") | AB6: =IF(A6="","",IF(AB6="Yes","Closed",IF(T6="Yes","Consequence Assigned",IF(O6="Yes","Finding Reached",IF(F6="Yes","In Progress","Open"))))) | AC6: =IF(OR(A6="",AB6="Yes"),"",IF(B6="","",TODAY()-B6)) | AD6: =IF(A6="","",IF(AND(V6="Yes",X6="Yes",Y6="Yes",Z6="Yes",AA6="Yes"),"✅ ALL CHECKS COMPLETE — OK TO CLOSE","⚠ "&(5-COUNTIF(V6:Z6,"Yes"))&" CHECK(S) INCOMPLETE")) | AK6: =IF(AI6="Yes",IF(AJ6="","",AJ6+21),"")
B7: =IFERROR(VLOOKUP(A7,'Incident Intake'!$A:$B,2,FALSE()),"") | C7: =IFERROR(VLOOKUP(A7,'Incident Intake'!$A:$E,5,FALSE()),"") | D7: =IFERROR(VLOOKUP(A7,'Incident Intake'!$A:$G,7,FALSE())&" "&VLOOKUP(A7,'Incident Intake'!$A:$F,6,FALSE()),"") | E7: =IFERROR(VLOOKUP(A7,'Incident Intake'!$A:$J,10,FALSE()),"") | AB7: =IF(A7="","",IF(AB7="Yes","Closed",IF(T7="Yes","Consequence Assigned",IF(O7="Yes","Finding Reached",IF(F7="Yes","In Progress","Open"))))) | AC7: =IF(OR(A7="",AB7="Yes"),"",IF(B7="","",TODAY()-B7)) | AD7: =IF(A7="","",IF(AND(V7="Yes",X7="Yes",Y7="Yes",Z7="Yes",AA7="Yes"),"✅ ALL CHECKS COMPLETE — OK TO CLOSE","⚠ "&(5-COUNTIF(V7:Z7,"Yes"))&" CHECK(S) INCOMPLETE")) | AK7: =IF(AI7="Yes",IF(AJ7="","",AJ7+21),"")
B8: =IFERROR(VLOOKUP(A8,'Incident Intake'!$A:$B,2,FALSE()),"") | C8: =IFERROR(VLOOKUP(A8,'Incident Intake'!$A:$E,5,FALSE()),"") | D8: =IFERROR(VLOOKUP(A8,'Incident Intake'!$A:$G,7,FALSE())&" "&VLOOKUP(A8,'Incident Intake'!$A:$F,6,FALSE()),"") | E8: =IFERROR(VLOOKUP(A8,'Incident Intake'!$A:$J,10,FALSE()),"") | AB8: =IF(A8="","",IF(AB8="Yes","Closed",IF(T8="Yes","Consequence Assigned",IF(O8="Yes","Finding Reached",IF(F8="Yes","In Progress","Open"))))) | AC8: =IF(OR(A8="",AB8="Yes"),"",IF(B8="","",TODAY()-B8)) | AD8: =IF(A8="","",IF(AND(V8="Yes",X8="Yes",Y8="Yes",Z8="Yes",AA8="Yes"),"✅ ALL CHECKS COMPLETE — OK TO CLOSE","⚠ "&(5-COUNTIF(V8:Z8,"Yes"))&" CHECK(S) INCOMPLETE")) | AK8: =IF(AI8="Yes",IF(AJ8="","",AJ8+21),"")
B9: =IFERROR(VLOOKUP(A9,'Incident Intake'!$A:$B,2,FALSE()),"") | C9: =IFERROR(VLOOKUP(A9,'Incident Intake'!$A:$E,5,FALSE()),"") | D9: =IFERROR(VLOOKUP(A9,'Incident Intake'!$A:$G,7,FALSE())&" "&VLOOKUP(A9,'Incident Intake'!$A:$F,6,FALSE()),"") | E9: =IFERROR(VLOOKUP(A9,'Incident Intake'!$A:$J,10,FALSE()),"") | AB9: =IF(A9="","",IF(AB9="Yes","Closed",IF(T9="Yes","Consequence Assigned",IF(O9="Yes","Finding Reached",IF(F9="Yes","In Progress","Open"))))) | AC9: =IF(OR(A9="",AB9="Yes"),"",IF(B9="","",TODAY()-B9)) | AD9: =IF(A9="","",IF(AND(V9="Yes",X9="Yes",Y9="Yes",Z9="Yes",AA9="Yes"),"✅ ALL CHECKS COMPLETE — OK TO CLOSE","⚠ "&(5-COUNTIF(V9:Z9,"Yes"))&" CHECK(S) INCOMPLETE")) | AK9: =IF(AI9="Yes",IF(AJ9="","",AJ9+21),"")
B10: =IFERROR(VLOOKUP(A10,'Incident Intake'!$A:$B,2,FALSE()),"") | C10: =IFERROR(VLOOKUP(A10,'Incident Intake'!$A:$E,5,FALSE()),"") | D10: =IFERROR(VLOOKUP(A10,'Incident Intake'!$A:$G,7,FALSE())&" "&VLOOKUP(A10,'Incident Intake'!$A:$F,6,FALSE()),"") | E10: =IFERROR(VLOOKUP(A10,'Incident Intake'!$A:$J,10,FALSE()),"") | AB10: =IF(A10="","",IF(AB10="Yes","Closed",IF(T10="Yes","Consequence Assigned",IF(O10="Yes","Finding Reached",IF(F10="Yes","In Progress","Open"))))) | AC10: =IF(OR(A10="",AB10="Yes"),"",IF(B10="","",TODAY()-B10)) | AD10: =IF(A10="","",IF(AND(V10="Yes",X10="Yes",Y10="Yes",Z10="Yes",AA10="Yes"),"✅ ALL CHECKS COMPLETE — OK TO CLOSE","⚠ "&(5-COUNTIF(V10:Z10,"Yes"))&" CHECK(S) INCOMPLETE")) | AK10: =IF(AI10="Yes",IF(AJ10="","",AJ10+21),"")
B11: =IFERROR(VLOOKUP(A11,'Incident Intake'!$A:$B,2,FALSE()),"") | C11: =IFERROR(VLOOKUP(A11,'Incident Intake'!$A:$E,5,FALSE()),"") | D11: =IFERROR(VLOOKUP(A11,'Incident Intake'!$A:$G,7,FALSE())&" "&VLOOKUP(A11,'Incident Intake'!$A:$F,6,FALSE()),"") | E11: =IFERROR(VLOOKUP(A11,'Incident Intake'!$A:$J,10,FALSE()),"") | AB11: =IF(A11="","",IF(AB11="Yes","Closed",IF(T11="Yes","Consequence Assigned",IF(O11="Yes","Finding Reached",IF(F11="Yes","In Progress","Open"))))) | AC11: =IF(OR(A11="",AB11="Yes"),"",IF(B11="","",TODAY()-B11)) | AD11: =IF(A11="","",IF(AND(V11="Yes",X11="Yes",Y11="Yes",Z11="Yes",AA11="Yes"),"✅ ALL CHECKS COMPLETE — OK TO CLOSE","⚠ "&(5-COUNTIF(V11:Z11,"Yes"))&" CHECK(S) INCOMPLETE")) | AK11: =IF(AI11="Yes",IF(AJ11="","",AJ11+21),"")
B12: =IFERROR(VLOOKUP(A12,'Incident Intake'!$A:$B,2,FALSE()),"") | C12: =IFERROR(VLOOKUP(A12,'Incident Intake'!$A:$E,5,FALSE()),"") | D12: =IFERROR(VLOOKUP(A12,'Incident Intake'!$A:$G,7,FALSE())&" "&VLOOKUP(A12,'Incident Intake'!$A:$F,6,FALSE()),"") | E12: =IFERROR(VLOOKUP(A12,'Incident Intake'!$A:$J,10,FALSE()),"") | AB12: =IF(A12="","",IF(AB12="Yes","Closed",IF(T12="Yes","Consequence Assigned",IF(O12="Yes","Finding Reached",IF(F12="Yes","In Progress","Open"))))) | AC12: =IF(OR(A12="",AB12="Yes"),"",IF(B12="","",TODAY()-B12)) | AD12: =IF(A12="","",IF(AND(V12="Yes",X12="Yes",Y12="Yes",Z12="Yes",AA12="Yes"),"✅ ALL CHECKS COMPLETE — OK TO CLOSE","⚠ "&(5-COUNTIF(V12:Z12,"Yes"))&" CHECK(S) INCOMPLETE")) | AK12: =IF(AI12="Yes",IF(AJ12="","",AJ12+21),"")
B13: =IFERROR(VLOOKUP(A13,'Incident Intake'!$A:$B,2,FALSE()),"") | C13: =IFERROR(VLOOKUP(A13,'Incident Intake'!$A:$E,5,FALSE()),"") | D13: =IFERROR(VLOOKUP(A13,'Incident Intake'!$A:$G,7,FALSE())&" "&VLOOKUP(A13,'Incident Intake'!$A:$F,6,FALSE()),"") | E13: =IFERROR(VLOOKUP(A13,'Incident Intake'!$A:$J,10,FALSE()),"") | AB13: =IF(A13="","",IF(AB13="Yes","Closed",IF(T13="Yes","Consequence Assigned",IF(O13="Yes","Finding Reached",IF(F13="Yes","In Progress","Open"))))) | AC13: =IF(OR(A13="",AB13="Yes"),"",IF(B13="","",TODAY()-B13)) | AD13: =IF(A13="","",IF(AND(V13="Yes",X13="Yes",Y13="Yes",Z13="Yes",AA13="Yes"),"✅ ALL CHECKS COMPLETE — OK TO CLOSE","⚠ "&(5-COUNTIF(V13:Z13,"Yes"))&" CHECK(S) INCOMPLETE")) | AK13: =IF(AI13="Yes",IF(AJ13="","",AJ13+21),"")
B14: =IFERROR(VLOOKUP(A14,'Incident Intake'!$A:$B,2,FALSE()),"") | C14: =IFERROR(VLOOKUP(A14,'Incident Intake'!$A:$E,5,FALSE()),"") | D14: =IFERROR(VLOOKUP(A14,'Incident Intake'!$A:$G,7,FALSE())&" "&VLOOKUP(A14,'Incident Intake'!$A:$F,6,FALSE()),"") | E14: =IFERROR(VLOOKUP(A14,'Incident Intake'!$A:$J,10,FALSE()),"") | AB14: =IF(A14="","",IF(AB14="Yes","Closed",IF(T14="Yes","Consequence Assigned",IF(O14="Yes","Finding Reached",IF(F14="Yes","In Progress","Open"))))) | AC14: =IF(OR(A14="",AB14="Yes"),"",IF(B14="","",TODAY()-B14)) | AD14: =IF(A14="","",IF(AND(V14="Yes",X14="Yes",Y14="Yes",Z14="Yes",AA14="Yes"),"✅ ALL CHECKS COMPLETE — OK TO CLOSE","⚠ "&(5-COUNTIF(V14:Z14,"Yes"))&" CHECK(S) INCOMPLETE")) | AK14: =IF(AI14="Yes",IF(AJ14="","",AJ14+21),"")
B15: =IFERROR(VLOOKUP(A15,'Incident Intake'!$A:$B,2,FALSE()),"") | C15: =IFERROR(VLOOKUP(A15,'Incident Intake'!$A:$E,5,FALSE()),"") | D15: =IFERROR(VLOOKUP(A15,'Incident Intake'!$A:$G,7,FALSE())&" "&VLOOKUP(A15,'Incident Intake'!$A:$F,6,FALSE()),"") | E15: =IFERROR(VLOOKUP(A15,'Incident Intake'!$A:$J,10,FALSE()),"") | AB15: =IF(A15="","",IF(AB15="Yes","Closed",IF(T15="Yes","Consequence Assigned",IF(O15="Yes","Finding Reached",IF(F15="Yes","In Progress","Open"))))) | AC15: =IF(OR(A15="",AB15="Yes"),"",IF(B15="","",TODAY()-B15)) | AD15: =IF(A15="","",IF(AND(V15="Yes",X15="Yes",Y15="Yes",Z15="Yes",AA15="Yes"),"✅ ALL CHECKS COMPLETE — OK TO CLOSE","⚠ "&(5-COUNTIF(V15:Z15,"Yes"))&" CHECK(S) INCOMPLETE")) | AK15: =IF(AI15="Yes",IF(AJ15="","",AJ15+21),"")
B16: =IFERROR(VLOOKUP(A16,'Incident Intake'!$A:$B,2,FALSE()),"") | C16: =IFERROR(VLOOKUP(A16,'Incident Intake'!$A:$E,5,FALSE()),"") | D16: =IFERROR(VLOOKUP(A16,'Incident Intake'!$A:$G,7,FALSE())&" "&VLOOKUP(A16,'Incident Intake'!$A:$F,6,FALSE()),"") | E16: =IFERROR(VLOOKUP(A16,'Incident Intake'!$A:$J,10,FALSE()),"") | AB16: =IF(A16="","",IF(AB16="Yes","Closed",IF(T16="Yes","Consequence Assigned",IF(O16="Yes","Finding Reached",IF(F16="Yes","In Progress","Open"))))) | AC16: =IF(OR(A16="",AB16="Yes"),"",IF(B16="","",TODAY()-B16)) | AD16: =IF(A16="","",IF(AND(V16="Yes",X16="Yes",Y16="Yes",Z16="Yes",AA16="Yes"),"✅ ALL CHECKS COMPLETE — OK TO CLOSE","⚠ "&(5-COUNTIF(V16:Z16,"Yes"))&" CHECK(S) INCOMPLETE")) | AK16: =IF(AI16="Yes",IF(AJ16="","",AJ16+21),"")
B17: =IFERROR(VLOOKUP(A17,'Incident Intake'!$A:$B,2,FALSE()),"") | C17: =IFERROR(VLOOKUP(A17,'Incident Intake'!$A:$E,5,FALSE()),"") | D17: =IFERROR(VLOOKUP(A17,'Incident Intake'!$A:$G,7,FALSE())&" "&VLOOKUP(A17,'Incident Intake'!$A:$F,6,FALSE()),"") | E17: =IFERROR(VLOOKUP(A17,'Incident Intake'!$A:$J,10,FALSE()),"") | AB17: =IF(A17="","",IF(AB17="Yes","Closed",IF(T17="Yes","Consequence Assigned",IF(O17="Yes","Finding Reached",IF(F17="Yes","In Progress","Open"))))) | AC17: =IF(OR(A17="",AB17="Yes"),"",IF(B17="","",TODAY()-B17)) | AD17: =IF(A17="","",IF(AND(V17="Yes",X17="Yes",Y17="Yes",Z17="Yes",AA17="Yes"),"✅ ALL CHECKS COMPLETE — OK TO CLOSE","⚠ "&(5-COUNTIF(V17:Z17,"Yes"))&" CHECK(S) INCOMPLETE")) | AK17: =IF(AI17="Yes",IF(AJ17="","",AJ17+21),"")
... B205: =IFERROR(VLOOKUP(A205,'Incident Intake'!$A:$B,2,FALSE()),"") | C205: =IFERROR(VLOOKUP(A205,'Incident Intake'!$A:$E,5,FALSE()),"") | D205: =IFERROR(VLOOKUP(A205,'Incident Intake'!$A:$G,7,FALSE())&" "&VLOOKUP(A205,'Incident Intake'!$A:$F,6,FALSE()),"") | E205: =IFERROR(VLOOKUP(A205,'Incident Intake'!$A:$J,10,FALSE()),"") | AB205: =IF(A205="","",IF(AB205="Yes","Closed",IF(T205="Yes","Consequence Assigned",IF(O205="Yes","Finding Reached",IF(F205="Yes","In Progress","Open"))))) | AC205: =IF(OR(A205="",AB205="Yes"),"",IF(B205="","",TODAY()-B205)) | AD205: =IF(A205="","",IF(AND(V205="Yes",X205="Yes",Y205="Yes",Z205="Yes",AA205="Yes"),"✅ ALL CHECKS COMPLETE — OK TO CLOSE","⚠ "&(5-COUNTIF(V205:Z205,"Yes"))&" CHECK(S) INCOMPLETE")) | AK205: =IF(AI205="Yes",IF(AJ205="","",AJ205+21),"")
A206: 🚀 Upgrade to the full platform · clearpathedgroup.com · Clear Path Education Group, LLC

Sheet 10-Day Compliance
A1: 🔴 10-Day SPED Removal Compliance Tracker · IDEA Compliance Required
A2: Track every SPED student's cumulative removal days. Alerts fire at day 7 (warning), day 9 (urgent), day 10+ (MDR required NOW). FAPE must continue after day 10.
A3: ⚠ School days only — not calendar days. Log each removal incident by Incident ID. The ⚙ Total column sums all removal days this school year.
A4: Student ID | B4: Last Name | C4: First Name | D4: Grade | E4: ⚙ Total Removal Days | F4: Incident 1 ID | G4: Incident 1 Date | H4: ⚙ Inc 1 Days | I4: Incident 2 ID | J4: Incident 2 Date | K4: ⚙ Inc 2 Days | L4: Incident 3 ID | M4: Incident 3 Date | N4: ⚙ Inc 3 Days | O4: Incident 4 ID | P4: Incident 4 Date | Q4: ⚙ Inc 4 Days | R4: Incident 5 ID | S4: Incident 5 Date | T4: ⚙ Inc 5 Days | U4: SPED Status | V4: MDR Required? | W4: MDR Date | X4: ARD Coordinator Notified? | Y4: ARD Notification Date | Z4: FAPE Continuing? | AA4: ⚙ Compliance Status | AB4: Notes
E5: =SUM(H5,K5,N5,Q5,T5) -> 0 | H5: =IF(F5="","",IFERROR(VLOOKUP(F5,'Incident Intake'!$A:$AE,31,FALSE())-VLOOKUP(F5,'Incident Intake'!$A:$AD,30,FALSE())+1,1)) | K5: =IF(I5="","",IFERROR(VLOOKUP(I5,'Incident Intake'!$A:$AE,31,FALSE())-VLOOKUP(I5,'Incident Intake'!$A:$AD,30,FALSE())+1,1)) | N5: =IF(L5="","",IFERROR(VLOOKUP(L5,'Incident Intake'!$A:$AE,31,FALSE())-VLOOKUP(L5,'Incident Intake'!$A:$AD,30,FALSE())+1,1)) | Q5: =IF(O5="","",IFERROR(VLOOKUP(O5,'Incident Intake'!$A:$AE,31,FALSE())-VLOOKUP(O5,'Incident Intake'!$A:$AD,30,FALSE())+1,1)) | T5: =IF(R5="","",IFERROR(VLOOKUP(R5,'Incident Intake'!$A:$AE,31,FALSE())-VLOOKUP(R5,'Incident Intake'!$A:$AD,30,FALSE())+1,1)) | AA5: =IF(A5="","",IF(E5>=10,"🔴 EXCEEDED — MDR REQUIRED NOW",IF(E5>=9,"🟠 URGENT — Day "&E5&" — Notify SPED Coord",IF(E5>=7,"🟡 WARNING — Day "&E5&" — Plan MDR",IF(E5>0,"✅ OK — "&E5&" days","✅ No removals")))))
E6: =SUM(H6,K6,N6,Q6,T6) -> 0 | H6: =IF(F6="","",IFERROR(VLOOKUP(F6,'Incident Intake'!$A:$AE,31,FALSE())-VLOOKUP(F6,'Incident Intake'!$A:$AD,30,FALSE())+1,1)) | K6: =IF(I6="","",IFERROR(VLOOKUP(I6,'Incident Intake'!$A:$AE,31,FALSE())-VLOOKUP(I6,'Incident Intake'!$A:$AD,30,FALSE())+1,1)) | N6: =IF(L6="","",IFERROR(VLOOKUP(L6,'Incident Intake'!$A:$AE,31,FALSE())-VLOOKUP(L6,'Incident Intake'!$A:$AD,30,FALSE())+1,1)) | Q6: =IF(O6="","",IFERROR(VLOOKUP(O6,'Incident Intake'!$A:$AE,31,FALSE())-VLOOKUP(O6,'Incident Intake'!$A:$AD,30,FALSE())+1,1)) | T6: =IF(R6="","",IFERROR(VLOOKUP(R6,'Incident Intake'!$A:$AE,31,FALSE())-VLOOKUP(R6,'Incident Intake'!$A:$AD,30,FALSE())+1,1)) | AA6: =IF(A6="","",IF(E6>=10,"🔴 EXCEEDED — MDR REQUIRED NOW",IF(E6>=9,"🟠 URGENT — Day "&E6&" — Notify SPED Coord",IF(E6>=7,"🟡 WARNING — Day "&E6&" — Plan MDR",IF(E6>0,"✅ OK — "&E6&" days","✅ No removals")))))
E7: =SUM(H7,K7,N7,Q7,T7) -> 0 | H7: =IF(F7="","",IFERROR(VLOOKUP(F7,'Incident Intake'!$A:$AE,31,FALSE())-VLOOKUP(F7,'Incident Intake'!$A:$AD,30,FALSE())+1,1)) | K7: =IF(I7="","",IFERROR(VLOOKUP(I7,'Incident Intake'!$A:$AE,31,FALSE())-VLOOKUP(I7,'Incident Intake'!$A:$AD,30,FALSE())+1,1)) | N7: =IF(L7="","",IFERROR(VLOOKUP(L7,'Incident Intake'!$A:$AE,31,FALSE())-VLOOKUP(L7,'Incident Intake'!$A:$AD,30,FALSE())+1,1)) | Q7: =IF(O7="","",IFERROR(VLOOKUP(O7,'Incident Intake'!$A:$AE,31,FALSE())-VLOOKUP(O7,'Incident Intake'!$A:$AD,30,FALSE())+1,1)) | T7: =IF(R7="","",IFERROR(VLOOKUP(R7,'Incident Intake'!$A:$AE,31,FALSE())-VLOOKUP(R7,'Incident Intake'!$A:$AD,30,FALSE())+1,1)) | AA7: =IF(A7="","",IF(E7>=10,"🔴 EXCEEDED — MDR REQUIRED NOW",IF(E7>=9,"🟠 URGENT — Day "&E7&" — Notify SPED Coord",IF(E7>=7,"🟡 WARNING — Day "&E7&" — Plan MDR",IF(E7>0,"✅ OK — "&E7&" days","✅ No removals")))))
E8: =SUM(H8,K8,N8,Q8,T8) -> 0 | H8: =IF(F8="","",IFERROR(VLOOKUP(F8,'Incident Intake'!$A:$AE,31,FALSE())-VLOOKUP(F8,'Incident Intake'!$A:$AD,30,FALSE())+1,1)) | K8: =IF(I8="","",IFERROR(VLOOKUP(I8,'Incident Intake'!$A:$AE,31,FALSE())-VLOOKUP(I8,'Incident Intake'!$A:$AD,30,FALSE())+1,1)) | N8: =IF(L8="","",IFERROR(VLOOKUP(L8,'Incident Intake'!$A:$AE,31,FALSE())-VLOOKUP(L8,'Incident Intake'!$A:$AD,30,FALSE())+1,1)) | Q8: =IF(O8="","",IFERROR(VLOOKUP(O8,'Incident Intake'!$A:$AE,31,FALSE())-VLOOKUP(O8,'Incident Intake'!$A:$AD,30,FALSE())+1,1)) | T8: =IF(R8="","",IFERROR(VLOOKUP(R8,'Incident Intake'!$A:$AE,31,FALSE())-VLOOKUP(R8,'Incident Intake'!$A:$AD,30,FALSE())+1,1)) | AA8: =IF(A8="","",IF(E8>=10,"🔴 EXCEEDED — MDR REQUIRED NOW",IF(E8>=9,"🟠 URGENT — Day "&E8&" — Notify SPED Coord",IF(E8>=7,"🟡 WARNING — Day "&E8&" — Plan MDR",IF(E8>0,"✅ OK — "&E8&" days","✅ No removals")))))
E9: =SUM(H9,K9,N9,Q9,T9) -> 0 | H9: =IF(F9="","",IFERROR(VLOOKUP(F9,'Incident Intake'!$A:$AE,31,FALSE())-VLOOKUP(F9,'Incident Intake'!$A:$AD,30,FALSE())+1,1)) | K9: =IF(I9="","",IFERROR(VLOOKUP(I9,'Incident Intake'!$A:$AE,31,FALSE())-VLOOKUP(I9,'Incident Intake'!$A:$AD,30,FALSE())+1,1)) | N9: =IF(L9="","",IFERROR(VLOOKUP(L9,'Incident Intake'!$A:$AE,31,FALSE())-VLOOKUP(L9,'Incident Intake'!$A:$AD,30,FALSE())+1,1)) | Q9: =IF(O9="","",IFERROR(VLOOKUP(O9,'Incident Intake'!$A:$AE,31,FALSE())-VLOOKUP(O9,'Incident Intake'!$A:$AD,30,FALSE())+1,1)) | T9: =IF(R9="","",IFERROR(VLOOKUP(R9,'Incident Intake'!$A:$AE,31,FALSE())-VLOOKUP(R9,'Incident Intake'!$A:$AD,30,FALSE())+1,1)) | AA9: =IF(A9="","",IF(E9>=10,"🔴 EXCEEDED — MDR REQUIRED NOW",IF(E9>=9,"🟠 URGENT — Day "&E9&" — Notify SPED Coord",IF(E9>=7,"🟡 WARNING — Day "&E9&" — Plan MDR",IF(E9>0,"✅ OK — "&E9&" days","✅ No removals")))))
E10: =SUM(H10,K10,N10,Q10,T10) -> 0 | H10: =IF(F10="","",IFERROR(VLOOKUP(F10,'Incident Intake'!$A:$AE,31,FALSE())-VLOOKUP(F10,'Incident Intake'!$A:$AD,30,FALSE())+1,1)) | K10: =IF(I10="","",IFERROR(VLOOKUP(I10,'Incident Intake'!$A:$AE,31,FALSE())-VLOOKUP(I10,'Incident Intake'!$A:$AD,30,FALSE())+1,1)) | N10: =IF(L10="","",IFERROR(VLOOKUP(L10,'Incident Intake'!$A:$AE,31,FALSE())-VLOOKUP(L10,'Incident Intake'!$A:$AD,30,FALSE())+1,1)) | Q10: =IF(O10="","",IFERROR(VLOOKUP(O10,'Incident Intake'!$A:$AE,31,FALSE())-VLOOKUP(O10,'Incident Intake'!$A:$AD,30,FALSE())+1,1)) | T10: =IF(R10="","",IFERROR(VLOOKUP(R10,'Incident Intake'!$A:$AE,31,FALSE())-VLOOKUP(R10,'Incident Intake'!$A:$AD,30,FALSE())+1,1)) | AA10: =IF(A10="","",IF(E10>=10,"🔴 EXCEEDED — MDR REQUIRED NOW",IF(E10>=9,"🟠 URGENT — Day "&E10&" — Notify SPED Coord",IF(E10>=7,"🟡 WARNING — Day "&E10&" — Plan MDR",IF(E10>0,"✅ OK — "&E10&" days","✅ No removals")))))
E11: =SUM(H11,K11,N11,Q11,T11) -> 0 | H11: =IF(F11="","",IFERROR(VLOOKUP(F11,'Incident Intake'!$A:$AE,31,FALSE())-VLOOKUP(F11,'Incident Intake'!$A:$AD,30,FALSE())+1,1)) | K11: =IF(I11="","",IFERROR(VLOOKUP(I11,'Incident Intake'!$A:$AE,31,FALSE())-VLOOKUP(I11,'Incident Intake'!$A:$AD,30,FALSE())+1,1)) | N11: =IF(L11="","",IFERROR(VLOOKUP(L11,'Incident Intake'!$A:$AE,31,FALSE())-VLOOKUP(L11,'Incident Intake'!$A:$AD,30,FALSE())+1,1)) | Q11: =IF(O11="","",IFERROR(VLOOKUP(O11,'Incident Intake'!$A:$AE,31,FALSE())-VLOOKUP(O11,'Incident Intake'!$A:$AD,30,FALSE())+1,1)) | T11: =IF(R11="","",IFERROR(VLOOKUP(R11,'Incident Intake'!$A:$AE,31,FALSE())-VLOOKUP(R11,'Incident Intake'!$A:$AD,30,FALSE())+1,1)) | AA11: =IF(A11="","",IF(E11>=10,"🔴 EXCEEDED — MDR REQUIRED NOW",IF(E11>=9,"🟠 URGENT — Day "&E11&" — Notify SPED Coord",IF(E11>=7,"🟡 WARNING — Day "&E11&" — Plan MDR",IF(E11>0,"✅ OK — "&E11&" days","✅ No removals")))))
E12: =SUM(H12,K12,N12,Q12,T12) -> 0 | H12: =IF(F12="","",IFERROR(VLOOKUP(F12,'Incident Intake'!$A:$AE,31,FALSE())-VLOOKUP(F12,'Incident Intake'!$A:$AD,30,FALSE())+1,1)) | K12: =IF(I12="","",IFERROR(VLOOKUP(I12,'Incident Intake'!$A:$AE,31,FALSE())-VLOOKUP(I12,'Incident Intake'!$A:$AD,30,FALSE())+1,1)) | N12: =IF(L12="","",IFERROR(VLOOKUP(L12,'Incident Intake'!$A:$AE,31,FALSE())-VLOOKUP(L12,'Incident Intake'!$A:$AD,30,FALSE())+1,1)) | Q12: =IF(O12="","",IFERROR(VLOOKUP(O12,'Incident Intake'!$A:$AE,31,FALSE())-VLOOKUP(O12,'Incident Intake'!$A:$AD,30,FALSE())+1,1)) | T12: =IF(R12="","",IFERROR(VLOOKUP(R12,'Incident Intake'!$A:$AE,31,FALSE())-VLOOKUP(R12,'Incident Intake'!$A:$AD,30,FALSE())+1,1)) | AA12: =IF(A12="","",IF(E12>=10,"🔴 EXCEEDED — MDR REQUIRED NOW",IF(E12>=9,"🟠 URGENT — Day "&E12&" — Notify SPED Coord",IF(E12>=7,"🟡 WARNING — Day "&E12&" — Plan MDR",IF(E12>0,"✅ OK — "&E12&" days","✅ No removals")))))
E13: =SUM(H13,K13,N13,Q13,T13) -> 0 | H13: =IF(F13="","",IFERROR(VLOOKUP(F13,'Incident Intake'!$A:$AE,31,FALSE())-VLOOKUP(F13,'Incident Intake'!$A:$AD,30,FALSE())+1,1)) | K13: =IF(I13="","",IFERROR(VLOOKUP(I13,'Incident Intake'!$A:$AE,31,FALSE())-VLOOKUP(I13,'Incident Intake'!$A:$AD,30,FALSE())+1,1)) | N13: =IF(L13="","",IFERROR(VLOOKUP(L13,'Incident Intake'!$A:$AE,31,FALSE())-VLOOKUP(L13,'Incident Intake'!$A:$AD,30,FALSE())+1,1)) | Q13: =IF(O13="","",IFERROR(VLOOKUP(O13,'Incident Intake'!$A:$AE,31,FALSE())-VLOOKUP(O13,'Incident Intake'!$A:$AD,30,FALSE())+1,1)) | T13: =IF(R13="","",IFERROR(VLOOKUP(R13,'Incident Intake'!$A:$AE,31,FALSE())-VLOOKUP(R13,'Incident Intake'!$A:$AD,30,FALSE())+1,1)) | AA13: =IF(A13="","",IF(E13>=10,"🔴 EXCEEDED — MDR REQUIRED NOW",IF(E13>=9,"🟠 URGENT — Day "&E13&" — Notify SPED Coord",IF(E13>=7,"🟡 WARNING — Day "&E13&" — Plan MDR",IF(E13>0,"✅ OK — "&E13&" days","✅ No removals")))))
E14: =SUM(H14,K14,N14,Q14,T14) -> 0 | H14: =IF(F14="","",IFERROR(VLOOKUP(F14,'Incident Intake'!$A:$AE,31,FALSE())-VLOOKUP(F14,'Incident Intake'!$A:$AD,30,FALSE())+1,1)) | K14: =IF(I14="","",IFERROR(VLOOKUP(I14,'Incident Intake'!$A:$AE,31,FALSE())-VLOOKUP(I14,'Incident Intake'!$A:$AD,30,FALSE())+1,1)) | N14: =IF(L14="","",IFERROR(VLOOKUP(L14,'Incident Intake'!$A:$AE,31,FALSE())-VLOOKUP(L14,'Incident Intake'!$A:$AD,30,FALSE())+1,1)) | Q14: =IF(O14="","",IFERROR(VLOOKUP(O14,'Incident Intake'!$A:$AE,31,FALSE())-VLOOKUP(O14,'Incident Intake'!$A:$AD,30,FALSE())+1,1)) | T14: =IF(R14="","",IFERROR(VLOOKUP(R14,'Incident Intake'!$A:$AE,31,FALSE())-VLOOKUP(R14,'Incident Intake'!$A:$AD,30,FALSE())+1,1)) | AA14: =IF(A14="","",IF(E14>=10,"🔴 EXCEEDED — MDR REQUIRED NOW",IF(E14>=9,"🟠 URGENT — Day "&E14&" — Notify SPED Coord",IF(E14>=7,"🟡 WARNING — Day "&E14&" — Plan MDR",IF(E14>0,"✅ OK — "&E14&" days","✅ No removals")))))
E15: =SUM(H15,K15,N15,Q15,T15) -> 0 | H15: =IF(F15="","",IFERROR(VLOOKUP(F15,'Incident Intake'!$A:$AE,31,FALSE())-VLOOKUP(F15,'Incident Intake'!$A:$AD,30,FALSE())+1,1)) | K15: =IF(I15="","",IFERROR(VLOOKUP(I15,'Incident Intake'!$A:$AE,31,FALSE())-VLOOKUP(I15,'Incident Intake'!$A:$AD,30,FALSE())+1,1)) | N15: =IF(L15="","",IFERROR(VLOOKUP(L15,'Incident Intake'!$A:$AE,31,FALSE())-VLOOKUP(L15,'Incident Intake'!$A:$AD,30,FALSE())+1,1)) | Q15: =IF(O15="","",IFERROR(VLOOKUP(O15,'Incident Intake'!$A:$AE,31,FALSE())-VLOOKUP(O15,'Incident Intake'!$A:$AD,30,FALSE())+1,1)) | T15: =IF(R15="","",IFERROR(VLOOKUP(R15,'Incident Intake'!$A:$AE,31,FALSE())-VLOOKUP(R15,'Incident Intake'!$A:$AD,30,FALSE())+1,1)) | AA15: =IF(A15="","",IF(E15>=10,"🔴 EXCEEDED — MDR REQUIRED NOW",IF(E15>=9,"🟠 URGENT — Day "&E15&" — Notify SPED Coord",IF(E15>=7,"🟡 WARNING — Day "&E15&" — Plan MDR",IF(E15>0,"✅ OK — "&E15&" days","✅ No removals")))))
E16: =SUM(H16,K16,N16,Q16,T16) -> 0 | H16: =IF(F16="","",IFERROR(VLOOKUP(F16,'Incident Intake'!$A:$AE,31,FALSE())-VLOOKUP(F16,'Incident Intake'!$A:$AD,30,FALSE())+1,1)) | K16: =IF(I16="","",IFERROR(VLOOKUP(I16,'Incident Intake'!$A:$AE,31,FALSE())-VLOOKUP(I16,'Incident Intake'!$A:$AD,30,FALSE())+1,1)) | N16: =IF(L16="","",IFERROR(VLOOKUP(L16,'Incident Intake'!$A:$AE,31,FALSE())-VLOOKUP(L16,'Incident Intake'!$A:$AD,30,FALSE())+1,1)) | Q16: =IF(O16="","",IFERROR(VLOOKUP(O16,'Incident Intake'!$A:$AE,31,FALSE())-VLOOKUP(O16,'Incident Intake'!$A:$AD,30,FALSE())+1,1)) | T16: =IF(R16="","",IFERROR(VLOOKUP(R16,'Incident Intake'!$A:$AE,31,FALSE())-VLOOKUP(R16,'Incident Intake'!$A:$AD,30,FALSE())+1,1)) | AA16: =IF(A16="","",IF(E16>=10,"🔴 EXCEEDED — MDR REQUIRED NOW",IF(E16>=9,"🟠 URGENT — Day "&E16&" — Notify SPED Coord",IF(E16>=7,"🟡 WARNING — Day "&E16&" — Plan MDR",IF(E16>0,"✅ OK — "&E16&" days","✅ No removals")))))
... E154: =SUM(H154,K154,N154,Q154,T154) -> 0 | H154: =IF(F154="","",IFERROR(VLOOKUP(F154,'Incident Intake'!$A:$AE,31,FALSE())-VLOOKUP(F154,'Incident Intake'!$A:$AD,30,FALSE())+1,1)) | K154: =IF(I154="","",IFERROR(VLOOKUP(I154,'Incident Intake'!$A:$AE,31,FALSE())-VLOOKUP(I154,'Incident Intake'!$A:$AD,30,FALSE())+1,1)) | N154: =IF(L154="","",IFERROR(VLOOKUP(L154,'Incident Intake'!$A:$AE,31,FALSE())-VLOOKUP(L154,'Incident Intake'!$A:$AD,30,FALSE())+1,1)) | Q154: =IF(O154="","",IFERROR(VLOOKUP(O154,'Incident Intake'!$A:$AE,31,FALSE())-VLOOKUP(O154,'Incident Intake'!$A:$AD,30,FALSE())+1,1)) | T154: =IF(R154="","",IFERROR(VLOOKUP(R154,'Incident Intake'!$A:$AE,31,FALSE())-VLOOKUP(R154,'Incident Intake'!$A:$AD,30,FALSE())+1,1)) | AA154: =IF(A154="","",IF(E154>=10,"🔴 EXCEEDED — MDR REQUIRED NOW",IF(E154>=9,"🟠 URGENT — Day "&E154&" — Notify SPED Coord",IF(E154>=7,"🟡 WARNING — Day "&E154&" — Plan MDR",IF(E154>0,"✅ OK — "&E154&" days","✅ No removals")))))
A155: 🚀 Upgrade to the full platform · clearpathedgroup.com · Clear Path Education Group, LLC

Sheet Evidence Tracker
A1: Evidence Tracker — Chain of Custody Log · Every Piece of Evidence, Every Step
A2: Log every item of evidence: when received, from whom, where stored, who accessed it, when returned. This is your legal protection if challenged.
A3: LEGAL HOLD: If a parent requests records or files a complaint, set col S = 'Yes' immediately. This flags the row and prevents accidental deletion.
A4: Evidence ID | B4: Incident ID | C4: ⚙ Student Name | D4: ⚙ Offense | E4: Date Collected | F4: Time Collected | G4: Collected By | H4: Evidence Type | I4: Description | J4: From Whom Received | K4: Received From Role | L4: Storage Location | M4: Custody Status | N4: Accessed By | O4: Access Date | P4: Access Purpose | Q4: Returned To | R4: Return Date | S4: Legal Hold? | T4: ⚙ Legal Hold Flag | U4: Chain of Custody Complete? | V4: Notes
C5: =IFERROR(VLOOKUP(B5,'Incident Intake'!$A:$G,7,FALSE())&" "&VLOOKUP(B5,'Incident Intake'!$A:$F,6,FALSE()),"") | D5: =IFERROR(VLOOKUP(B5,'Incident Intake'!$A:$J,10,FALSE()),"") | T5: =IF(S5="Yes","🔴 LEGAL HOLD — DO NOT DESTROY","")
C6: =IFERROR(VLOOKUP(B6,'Incident Intake'!$A:$G,7,FALSE())&" "&VLOOKUP(B6,'Incident Intake'!$A:$F,6,FALSE()),"") | D6: =IFERROR(VLOOKUP(B6,'Incident Intake'!$A:$J,10,FALSE()),"") | T6: =IF(S6="Yes","🔴 LEGAL HOLD — DO NOT DESTROY","")
C7: =IFERROR(VLOOKUP(B7,'Incident Intake'!$A:$G,7,FALSE())&" "&VLOOKUP(B7,'Incident Intake'!$A:$F,6,FALSE()),"") | D7: =IFERROR(VLOOKUP(B7,'Incident Intake'!$A:$J,10,FALSE()),"") | T7: =IF(S7="Yes","🔴 LEGAL HOLD — DO NOT DESTROY","")
C8: =IFERROR(VLOOKUP(B8,'Incident Intake'!$A:$G,7,FALSE())&" "&VLOOKUP(B8,'Incident Intake'!$A:$F,6,FALSE()),"") | D8: =IFERROR(VLOOKUP(B8,'Incident Intake'!$A:$J,10,FALSE()),"") | T8: =IF(S8="Yes","🔴 LEGAL HOLD — DO NOT DESTROY","")
C9: =IFERROR(VLOOKUP(B9,'Incident Intake'!$A:$G,7,FALSE())&" "&VLOOKUP(B9,'Incident Intake'!$A:$F,6,FALSE()),"") | D9: =IFERROR(VLOOKUP(B9,'Incident Intake'!$A:$J,10,FALSE()),"") | T9: =IF(S9="Yes","🔴 LEGAL HOLD — DO NOT DESTROY","")
C10: =IFERROR(VLOOKUP(B10,'Incident Intake'!$A:$G,7,FALSE())&" "&VLOOKUP(B10,'Incident Intake'!$A:$F,6,FALSE()),"") | D10: =IFERROR(VLOOKUP(B10,'Incident Intake'!$A:$J,10,FALSE()),"") | T10: =IF(S10="Yes","🔴 LEGAL HOLD — DO NOT DESTROY","")
C11: =IFERROR(VLOOKUP(B11,'Incident Intake'!$A:$G,7,FALSE())&" "&VLOOKUP(B11,'Incident Intake'!$A:$F,6,FALSE()),"") | D11: =IFERROR(VLOOKUP(B11,'Incident Intake'!$A:$J,10,FALSE()),"") | T11: =IF(S11="Yes","🔴 LEGAL HOLD — DO NOT DESTROY","")
C12: =IFERROR(VLOOKUP(B12,'Incident Intake'!$A:$G,7,FALSE())&" "&VLOOKUP(B12,'Incident Intake'!$A:$F,6,FALSE()),"") | D12: =IFERROR(VLOOKUP(B12,'Incident Intake'!$A:$J,10,FALSE()),"") | T12: =IF(S12="Yes","🔴 LEGAL HOLD — DO NOT DESTROY","")
C13: =IFERROR(VLOOKUP(B13,'Incident Intake'!$A:$G,7,FALSE())&" "&VLOOKUP(B13,'Incident Intake'!$A:$F,6,FALSE()),"") | D13: =IFERROR(VLOOKUP(B13,'Incident Intake'!$A:$J,10,FALSE()),"") | T13: =IF(S13="Yes","🔴 LEGAL HOLD — DO NOT DESTROY","")
C14: =IFERROR(VLOOKUP(B14,'Incident Intake'!$A:$G,7,FALSE())&" "&VLOOKUP(B14,'Incident Intake'!$A:$F,6,FALSE()),"") | D14: =IFERROR(VLOOKUP(B14,'Incident Intake'!$A:$J,10,FALSE()),"") | T14: =IF(S14="Yes","🔴 LEGAL HOLD — DO NOT DESTROY","")
C15: =IFERROR(VLOOKUP(B15,'Incident Intake'!$A:$G,7,FALSE())&" "&VLOOKUP(B15,'Incident Intake'!$A:$F,6,FALSE()),"") | D15: =IFERROR(VLOOKUP(B15,'Incident Intake'!$A:$J,10,FALSE()),"") | T15: =IF(S15="Yes","🔴 LEGAL HOLD — DO NOT DESTROY","")
C16: =IFERROR(VLOOKUP(B16,'Incident Intake'!$A:$G,7,FALSE())&" "&VLOOKUP(B16,'Incident Intake'!$A:$F,6,FALSE()),"") | D16: =IFERROR(VLOOKUP(B16,'Incident Intake'!$A:$J,10,FALSE()),"") | T16: =IF(S16="Yes","🔴 LEGAL HOLD — DO NOT DESTROY","")
... C304: =IFERROR(VLOOKUP(B304,'Incident Intake'!$A:$G,7,FALSE())&" "&VLOOKUP(B304,'Incident Intake'!$A:$F,6,FALSE()),"") | D304: =IFERROR(VLOOKUP(B304,'Incident Intake'!$A:$J,10,FALSE()),"") | T304: =IF(S304="Yes","🔴 LEGAL HOLD — DO NOT DESTROY","")
A305: 🚀 Upgrade to the full platform · clearpathedgroup.com · Clear Path Education Group, LLC

Sheet Parent Contact Log
A1: Parent Contact Log · Every Call Documented · Scripts Auto-Populate by Offense
A2: Select an offense in column M → the phone script appears automatically in column L. Log every contact — voicemails count as attempts.
A3: TEC REQUIRED NOTICES: Suspension and DAEP placement require written notice. Document method, date, and confirmation of receipt.
A4: Log ID | B4: Incident ID | C4: Student ID | D4: ⚙ Student Name | E4: Contact Date | F4: Contact Time | G4: Contact Method | H4: Parent / Guardian Name | I4: Relationship | J4: Contact Purpose | K4: ⚙ Required by TEC? | L4: ⚙ Phone Script (select offense in col L) | M4: Script Offense Reference | N4: Summary of Conversation | O4: Commitments Made (by parent) | P4: Commitments Made (by school) | Q4: Follow-Up Required? | R4: Follow-Up Date | S4: Follow-Up Completed? | T4: Admin / Staff Initials | U4: Notes
D5: =IFERROR(VLOOKUP(C5,'Incident Intake'!$E:$G,3,FALSE())&" "&VLOOKUP(C5,'Incident Intake'!$E:$F,2,FALSE()),"") | K5: =IF(J5="","",IF(ISNUMBER(SEARCH("TEC-Required",J5)),"YES — Required","Voluntary")) | L5: =IFERROR(VLOOKUP(M5,Lists!$T:$U,2,FALSE()),"Select an offense in col M to load the phone script →") -> Select an offense in col M to load the phone script →
D6: =IFERROR(VLOOKUP(C6,'Incident Intake'!$E:$G,3,FALSE())&" "&VLOOKUP(C6,'Incident Intake'!$E:$F,2,FALSE()),"") | K6: =IF(J6="","",IF(ISNUMBER(SEARCH("TEC-Required",J6)),"YES — Required","Voluntary")) | L6: =IFERROR(VLOOKUP(M6,Lists!$T:$U,2,FALSE()),"Select an offense in col M to load the phone script →") -> Select an offense in col M to load the phone script →
D7: =IFERROR(VLOOKUP(C7,'Incident Intake'!$E:$G,3,FALSE())&" "&VLOOKUP(C7,'Incident Intake'!$E:$F,2,FALSE()),"") | K7: =IF(J7="","",IF(ISNUMBER(SEARCH("TEC-Required",J7)),"YES — Required","Voluntary")) | L7: =IFERROR(VLOOKUP(M7,Lists!$T:$U,2,FALSE()),"Select an offense in col M to load the phone script →") -> Select an offense in col M to load the phone script →
D8: =IFERROR(VLOOKUP(C8,'Incident Intake'!$E:$G,3,FALSE())&" "&VLOOKUP(C8,'Incident Intake'!$E:$F,2,FALSE()),"") | K8: =IF(J8="","",IF(ISNUMBER(SEARCH("TEC-Required",J8)),"YES — Required","Voluntary")) | L8: =IFERROR(VLOOKUP(M8,Lists!$T:$U,2,FALSE()),"Select an offense in col M to load the phone script →") -> Select an offense in col M to load the phone script →
D9: =IFERROR(VLOOKUP(C9,'Incident Intake'!$E:$G,3,FALSE())&" "&VLOOKUP(C9,'Incident Intake'!$E:$F,2,FALSE()),"") | K9: =IF(J9="","",IF(ISNUMBER(SEARCH("TEC-Required",J9)),"YES — Required","Voluntary")) | L9: =IFERROR(VLOOKUP(M9,Lists!$T:$U,2,FALSE()),"Select an offense in col M to load the phone script →") -> Select an offense in col M to load the phone script →
D10: =IFERROR(VLOOKUP(C10,'Incident Intake'!$E:$G,3,FALSE())&" "&VLOOKUP(C10,'Incident Intake'!$E:$F,2,FALSE()),"") | K10: =IF(J10="","",IF(ISNUMBER(SEARCH("TEC-Required",J10)),"YES — Required","Voluntary")) | L10: =IFERROR(VLOOKUP(M10,Lists!$T:$U,2,FALSE()),"Select an offense in col M to load the phone script →") -> Select an offense in col M to load the phone script →
D11: =IFERROR(VLOOKUP(C11,'Incident Intake'!$E:$G,3,FALSE())&" "&VLOOKUP(C11,'Incident Intake'!$E:$F,2,FALSE()),"") | K11: =IF(J11="","",IF(ISNUMBER(SEARCH("TEC-Required",J11)),"YES — Required","Voluntary")) | L11: =IFERROR(VLOOKUP(M11,Lists!$T:$U,2,FALSE()),"Select an offense in col M to load the phone script →") -> Select an offense in col M to load the phone script →
D12: =IFERROR(VLOOKUP(C12,'Incident Intake'!$E:$G,3,FALSE())&" "&VLOOKUP(C12,'Incident Intake'!$E:$F,2,FALSE()),"") | K12: =IF(J12="","",IF(ISNUMBER(SEARCH("TEC-Required",J12)),"YES — Required","Voluntary")) | L12: =IFERROR(VLOOKUP(M12,Lists!$T:$U,2,FALSE()),"Select an offense in col M to load the phone script →") -> Select an offense in col M to load the phone script →
D13: =IFERROR(VLOOKUP(C13,'Incident Intake'!$E:$G,3,FALSE())&" "&VLOOKUP(C13,'Incident Intake'!$E:$F,2,FALSE()),"") | K13: =IF(J13="","",IF(ISNUMBER(SEARCH("TEC-Required",J13)),"YES — Required","Voluntary")) | L13: =IFERROR(VLOOKUP(M13,Lists!$T:$U,2,FALSE()),"Select an offense in col M to load the phone script →") -> Select an offense in col M to load the phone script →
D14: =IFERROR(VLOOKUP(C14,'Incident Intake'!$E:$G,3,FALSE())&" "&VLOOKUP(C14,'Incident Intake'!$E:$F,2,FALSE()),"") | K14: =IF(J14="","",IF(ISNUMBER(SEARCH("TEC-Required",J14)),"YES — Required","Voluntary")) | L14: =IFERROR(VLOOKUP(M14,Lists!$T:$U,2,FALSE()),"Select an offense in col M to load the phone script →") -> Select an offense in col M to load the phone script →
D15: =IFERROR(VLOOKUP(C15,'Incident Intake'!$E:$G,3,FALSE())&" "&VLOOKUP(C15,'Incident Intake'!$E:$F,2,FALSE()),"") | K15: =IF(J15="","",IF(ISNUMBER(SEARCH("TEC-Required",J15)),"YES — Required","Voluntary")) | L15: =IFERROR(VLOOKUP(M15,Lists!$T:$U,2,FALSE()),"Select an offense in col M to load the phone script →") -> Select an offense in col M to load the phone script →
D16: =IFERROR(VLOOKUP(C16,'Incident Intake'!$E:$G,3,FALSE())&" "&VLOOKUP(C16,'Incident Intake'!$E:$F,2,FALSE()),"") | K16: =IF(J16="","",IF(ISNUMBER(SEARCH("TEC-Required",J16)),"YES — Required","Voluntary")) | L16: =IFERROR(VLOOKUP(M16,Lists!$T:$U,2,FALSE()),"Select an offense in col M to load the phone script →") -> Select an offense in col M to load the phone script →
... D254: =IFERROR(VLOOKUP(C254,'Incident Intake'!$E:$G,3,FALSE())&" "&VLOOKUP(C254,'Incident Intake'!$E:$F,2,FALSE()),"") | K254: =IF(J254="","",IF(ISNUMBER(SEARCH("TEC-Required",J254)),"YES — Required","Voluntary")) | L254: =IFERROR(VLOOKUP(M254,Lists!$T:$U,2,FALSE()),"Select an offense in col M to load the phone script →") -> Select an offense in col M to load the phone script →
A255: 🚀 Upgrade to the full platform · clearpathedgroup.com · Clear Path Education Group, LLC

Sheet Discipline Trends
A1: Discipline Trends — Auto-Built from Incident Intake · No Manual Data Entry
A2: ="Auto-updated: "&TEXT(TODAY(),"MMMM D, YYYY")&" · All data pulls from Incident Intake tab" -> Auto-updated: July 14, 2026 · All data pulls from Incident Intake tab
A3: OVERALL VOLUME
A4: Total Incidents This Year | B4: =COUNTA('Incident Intake'!A5:A304) -> 0
A5: Open Investigations | B5: =COUNTIF('Incident Intake'!X5:X304,"Open") -> 0
A6: In Progress | B6: =COUNTIF('Incident Intake'!X5:X304,"In Progress") -> 0
A7: Closed This Year | B7: =COUNTIF('Incident Intake'!X5:X304,"Closed") -> 0
A8: Cases with Appeals Filed | B8: =COUNTIF('Incident Intake'!AF5:AF304,"Yes") -> 0
A9: Investigations Open 5+ Days | B9: =COUNTIFS('Incident Intake'!Z5:Z304,">="&5,'Incident Intake'!X5:X304,"<>Closed") -> 0
A11: TOP OFFENSE CATEGORIES (from Incident Intake)
A12: Fighting | B12: =COUNTIF('Incident Intake'!$J:$J,"Fighting") -> 0
A13: Assault — Bodily Injury | B13: =COUNTIF('Incident Intake'!$J:$J,"Assault — Bodily Injury") -> 0
A14: Assault — Threat / Fear | B14: =COUNTIF('Incident Intake'!$J:$J,"Assault — Threat / Fear") -> 0
A15: Defiance / Insubordination | B15: =COUNTIF('Incident Intake'!$J:$J,"Defiance / Insubordination") -> 0
A16: Disruption of Class | B16: =COUNTIF('Incident Intake'!$J:$J,"Disruption of Class") -> 0
A17: Bullying / Cyberbullying | B17: =COUNTIF('Incident Intake'!$J:$J,"Bullying / Cyberbullying") -> 0
A18: Controlled Substance — Possession | B18: =COUNTIF('Incident Intake'!$J:$J,"Controlled Substance — Possession") -> 0
A19: Dangerous Weapon | B19: =COUNTIF('Incident Intake'!$J:$J,"Dangerous Weapon") -> 0
A20: Terroristic Threat | B20: =COUNTIF('Incident Intake'!$J:$J,"Terroristic Threat") -> 0
A21: Theft | B21: =COUNTIF('Incident Intake'!$J:$J,"Theft") -> 0
A22: Vandalism / Property Damage | B22: =COUNTIF('Incident Intake'!$J:$J,"Vandalism / Property Damage") -> 0
A23: Harassment | B23: =COUNTIF('Incident Intake'!$J:$J,"Harassment") -> 0
A24: Tobacco / E-Cigarette / Vaping | B24: =COUNTIF('Incident Intake'!$J:$J,"Tobacco / E-Cigarette / Vaping") -> 0
A26: CONSEQUENCE SUMMARY
A27: ISS Placements (all lengths) | B27: =COUNTIF('Incident Intake'!AC5:AC304,"ISS*") -> 0
A28: OSS Placements (all lengths) | B28: =COUNTIF('Incident Intake'!AC5:AC304,"OSS*") -> 0
A29: DAEP Placements — Mandatory | B29: =COUNTIF('Incident Intake'!AC5:AC304,"DAEP — Mandatory") -> 0
A30: DAEP Placements — Discretionary | B30: =COUNTIF('Incident Intake'!AC5:AC304,"DAEP — Discretionary") -> 0
A31: Expulsion Referrals | B31: =COUNTIF('Incident Intake'!AC5:AC304,"Expulsion Referral") -> 0
A32: Law Enforcement Referrals | B32: =COUNTIF('Incident Intake'!S5:S304,"Yes") -> 0
A33: No Action — Unfounded | B33: =COUNTIF('Incident Intake'!AC5:AC304,"No Action — Unfounded") -> 0
A35: SPED & COMPLIANCE FLAGS
A36: SPED Students Involved in Incidents | B36: =COUNTIF('Incident Intake'!U5:U304,"<>No") -> 300
A37: ⚠ SPED — 10-Day Warning or Above | B37: =COUNTIF('10-Day Compliance'!AA5:AA154,"*WARNING*")+COUNTIF('10-Day Compliance'!AA5:AA154,"*URGENT*")+COUNTIF('10-Day Compliance'!AA5:AA154,"*EXCEEDED*") -> 0
A38: 🔴 SPED — 10-Day Limit Exceeded | B38: =COUNTIF('10-Day Compliance'!AA5:AA154,"*EXCEEDED*") -> 0
A39: Incidents with Injury | B39: =COUNTIF('Incident Intake'!P5:P304,"Yes") -> 0
A40: Incidents Involving Law Enforcement | B40: =COUNTIF('Incident Intake'!S5:S304,"Yes") -> 0
A41: Parent Not Notified | B41: =COUNTIF('Incident Intake'!AA5:AA304,"No") -> 0
A43: REPEAT OFFENDER FLAGS
A44: Students with 3+ Incidents (total year) | B44: =SUMPRODUCT((COUNTIF('Incident Intake'!E5:E304,'Incident Intake'!E5:E304)>=3)/COUNTIF('Incident Intake'!E5:E304,'Incident Intake'!E5:E304&"")) -> 0
A45: Evidence Items with Legal Hold | B45: =COUNTIF('Evidence Tracker'!S5:S304,"Yes") -> 0
A46: Open Investigations — No Parent Contact | B46: =COUNTIFS('Incident Intake'!X5:X304,"Open",'Incident Intake'!AA5:AA304,"No") -> 0
A47: Appeals — Pending Response | B47: =COUNTIFS('Investigation Tracker'!AK6:AK205,"Filed*") -> 0
A49: MONTHLY BREAKDOWN — Enter month number (1-12) in cell C below
B50: Enter Month # (1-12): | C50: 1
A51: Incidents This Month | B51: =IFERROR(SUMPRODUCT(('Incident Intake'!$B$5:$B$304<>"")*(MONTH('Incident Intake'!$B$5:$B$304)=C50)),0) -> 0
A52: SPED Incidents This Month | B52: =IFERROR(SUMPRODUCT(('Incident Intake'!$B$5:$B$304<>"")*(MONTH('Incident Intake'!$B$5:$B$304)=C50)*('Incident Intake'!$U$5:$U$304<>"No")*('Incident Intake'!$U$5:$U$304<>"")),0) -> 0
A53: Placements This Month (ISS+OSS+DAEP) | B53: =IFERROR(SUMPRODUCT(('Incident Intake'!$AD$5:$AD$304<>"")*(MONTH('Incident Intake'!$AD$5:$AD$304)=C50)),0) -> 0
A55: 🚀 See trends across ALL campuses in real time · clearpathedgroup.com/waypoint · Clear Path Education Group, LLC

Sheet 📋 Monday Briefing
A1: 📋 MONDAY MORNING BRIEFING — Administrator's Command Toolkit
B2: ="Week of: "&TEXT(TODAY(),"MMMM D, YYYY")&" · Campus: (enter campus name on Cover tab)" -> Week of: July 14, 2026 · Campus: (enter campus name on Cover tab)
B3: 🔴 OPEN INVESTIGATIONS (requiring action today)
B4: Incident ID | C4: Student | D4: Offense | E4: Days Open
B5: =IFERROR(INDEX('Incident Intake'!$A$5:$A$304,MATCH(1,('Incident Intake'!$X$5:$X$304="Open")*('Incident Intake'!$Z$5:$Z$304>=1),0)),"—") -> — | C5: =IF(B5="—","",IFERROR(VLOOKUP(B5,'Incident Intake'!$A:$G,7,FALSE())&" "&VLOOKUP(B5,'Incident Intake'!$A:$F,6,FALSE()),"")) | D5: =IF(B5="—","",IFERROR(VLOOKUP(B5,'Incident Intake'!$A:$J,10,FALSE()),"")) | E5: =IF(B5="—","",IFERROR(VLOOKUP(B5,'Incident Intake'!$A:$Z,26,FALSE()),""))
B6: =IFERROR(INDEX('Incident Intake'!$A$5:$A$304,MATCH(1,('Incident Intake'!$X$5:$X$304="Open")*('Incident Intake'!$Z$5:$Z$304>=2),0)),"—") -> — | C6: =IF(B6="—","",IFERROR(VLOOKUP(B6,'Incident Intake'!$A:$G,7,FALSE())&" "&VLOOKUP(B6,'Incident Intake'!$A:$F,6,FALSE()),"")) | D6: =IF(B6="—","",IFERROR(VLOOKUP(B6,'Incident Intake'!$A:$J,10,FALSE()),"")) | E6: =IF(B6="—","",IFERROR(VLOOKUP(B6,'Incident Intake'!$A:$Z,26,FALSE()),""))
B7: =IFERROR(INDEX('Incident Intake'!$A$5:$A$304,MATCH(1,('Incident Intake'!$X$5:$X$304="Open")*('Incident Intake'!$Z$5:$Z$304>=3),0)),"—") -> — | C7: =IF(B7="—","",IFERROR(VLOOKUP(B7,'Incident Intake'!$A:$G,7,FALSE())&" "&VLOOKUP(B7,'Incident Intake'!$A:$F,6,FALSE()),"")) | D7: =IF(B7="—","",IFERROR(VLOOKUP(B7,'Incident Intake'!$A:$J,10,FALSE()),"")) | E7: =IF(B7="—","",IFERROR(VLOOKUP(B7,'Incident Intake'!$A:$Z,26,FALSE()),""))
B8: =IFERROR(INDEX('Incident Intake'!$A$5:$A$304,MATCH(1,('Incident Intake'!$X$5:$X$304="Open")*('Incident Intake'!$Z$5:$Z$304>=4),0)),"—") -> — | C8: =IF(B8="—","",IFERROR(VLOOKUP(B8,'Incident Intake'!$A:$G,7,FALSE())&" "&VLOOKUP(B8,'Incident Intake'!$A:$F,6,FALSE()),"")) | D8: =IF(B8="—","",IFERROR(VLOOKUP(B8,'Incident Intake'!$A:$J,10,FALSE()),"")) | E8: =IF(B8="—","",IFERROR(VLOOKUP(B8,'Incident Intake'!$A:$Z,26,FALSE()),""))
B9: =IFERROR(INDEX('Incident Intake'!$A$5:$A$304,MATCH(1,('Incident Intake'!$X$5:$X$304="Open")*('Incident Intake'!$Z$5:$Z$304>=5),0)),"—") -> — | C9: =IF(B9="—","",IFERROR(VLOOKUP(B9,'Incident Intake'!$A:$G,7,FALSE())&" "&VLOOKUP(B9,'Incident Intake'!$A:$F,6,FALSE()),"")) | D9: =IF(B9="—","",IFERROR(VLOOKUP(B9,'Incident Intake'!$A:$J,10,FALSE()),"")) | E9: =IF(B9="—","",IFERROR(VLOOKUP(B9,'Incident Intake'!$A:$Z,26,FALSE()),""))
B10: =IFERROR(INDEX('Incident Intake'!$A$5:$A$304,MATCH(1,('Incident Intake'!$X$5:$X$304="Open")*('Incident Intake'!$Z$5:$Z$304>=6),0)),"—") -> — | C10: =IF(B10="—","",IFERROR(VLOOKUP(B10,'Incident Intake'!$A:$G,7,FALSE())&" "&VLOOKUP(B10,'Incident Intake'!$A:$F,6,FALSE()),"")) | D10: =IF(B10="—","",IFERROR(VLOOKUP(B10,'Incident Intake'!$A:$J,10,FALSE()),"")) | E10: =IF(B10="—","",IFERROR(VLOOKUP(B10,'Incident Intake'!$A:$Z,26,FALSE()),""))
B11: =IFERROR(INDEX('Incident Intake'!$A$5:$A$304,MATCH(1,('Incident Intake'!$X$5:$X$304="Open")*('Incident Intake'!$Z$5:$Z$304>=7),0)),"—") -> — | C11: =IF(B11="—","",IFERROR(VLOOKUP(B11,'Incident Intake'!$A:$G,7,FALSE())&" "&VLOOKUP(B11,'Incident Intake'!$A:$F,6,FALSE()),"")) | D11: =IF(B11="—","",IFERROR(VLOOKUP(B11,'Incident Intake'!$A:$J,10,FALSE()),"")) | E11: =IF(B11="—","",IFERROR(VLOOKUP(B11,'Incident Intake'!$A:$Z,26,FALSE()),""))
B12: =IFERROR(INDEX('Incident Intake'!$A$5:$A$304,MATCH(1,('Incident Intake'!$X$5:$X$304="Open")*('Incident Intake'!$Z$5:$Z$304>=8),0)),"—") -> — | C12: =IF(B12="—","",IFERROR(VLOOKUP(B12,'Incident Intake'!$A:$G,7,FALSE())&" "&VLOOKUP(B12,'Incident Intake'!$A:$F,6,FALSE()),"")) | D12: =IF(B12="—","",IFERROR(VLOOKUP(B12,'Incident Intake'!$A:$J,10,FALSE()),"")) | E12: =IF(B12="—","",IFERROR(VLOOKUP(B12,'Incident Intake'!$A:$Z,26,FALSE()),""))
B14: 🟡 SPED 10-DAY COMPLIANCE ALERTS
B15: Student ID | C15: Name | D15: Days Used | E15: Status
B16: =IFERROR(INDEX('10-Day Compliance'!$A$5:$A$154,MATCH(1,('10-Day Compliance'!$E$5:$E$154>=7)*ROW('10-Day Compliance'!$E$5:$E$154)/ROW('10-Day Compliance'!$E$5:$E$154)>=1,0)),"—") -> — | C16: =IF(B16="—","",IFERROR(VLOOKUP(B16,'10-Day Compliance'!$A:$C,3,FALSE())&" "&VLOOKUP(B16,'10-Day Compliance'!$A:$B,2,FALSE()),"")) | D16: =IF(B16="—","",IFERROR(VLOOKUP(B16,'10-Day Compliance'!$A:$E,5,FALSE()),"")) | E16: =IF(B16="—","",IFERROR(VLOOKUP(B16,'10-Day Compliance'!$A:$AA,27,FALSE()),""))
B17: =IFERROR(INDEX('10-Day Compliance'!$A$5:$A$154,MATCH(1,('10-Day Compliance'!$E$5:$E$154>=7)*ROW('10-Day Compliance'!$E$5:$E$154)/ROW('10-Day Compliance'!$E$5:$E$154)>=2,0)),"—") -> — | C17: =IF(B17="—","",IFERROR(VLOOKUP(B17,'10-Day Compliance'!$A:$C,3,FALSE())&" "&VLOOKUP(B17,'10-Day Compliance'!$A:$B,2,FALSE()),"")) | D17: =IF(B17="—","",IFERROR(VLOOKUP(B17,'10-Day Compliance'!$A:$E,5,FALSE()),"")) | E17: =IF(B17="—","",IFERROR(VLOOKUP(B17,'10-Day Compliance'!$A:$AA,27,FALSE()),""))
B18: =IFERROR(INDEX('10-Day Compliance'!$A$5:$A$154,MATCH(1,('10-Day Compliance'!$E$5:$E$154>=7)*ROW('10-Day Compliance'!$E$5:$E$154)/ROW('10-Day Compliance'!$E$5:$E$154)>=3,0)),"—") -> — | C18: =IF(B18="—","",IFERROR(VLOOKUP(B18,'10-Day Compliance'!$A:$C,3,FALSE())&" "&VLOOKUP(B18,'10-Day Compliance'!$A:$B,2,FALSE()),"")) | D18: =IF(B18="—","",IFERROR(VLOOKUP(B18,'10-Day Compliance'!$A:$E,5,FALSE()),"")) | E18: =IF(B18="—","",IFERROR(VLOOKUP(B18,'10-Day Compliance'!$A:$AA,27,FALSE()),""))
B19: =IFERROR(INDEX('10-Day Compliance'!$A$5:$A$154,MATCH(1,('10-Day Compliance'!$E$5:$E$154>=7)*ROW('10-Day Compliance'!$E$5:$E$154)/ROW('10-Day Compliance'!$E$5:$E$154)>=4,0)),"—") -> — | C19: =IF(B19="—","",IFERROR(VLOOKUP(B19,'10-Day Compliance'!$A:$C,3,FALSE())&" "&VLOOKUP(B19,'10-Day Compliance'!$A:$B,2,FALSE()),"")) | D19: =IF(B19="—","",IFERROR(VLOOKUP(B19,'10-Day Compliance'!$A:$E,5,FALSE()),"")) | E19: =IF(B19="—","",IFERROR(VLOOKUP(B19,'10-Day Compliance'!$A:$AA,27,FALSE()),""))
B20: =IFERROR(INDEX('10-Day Compliance'!$A$5:$A$154,MATCH(1,('10-Day Compliance'!$E$5:$E$154>=7)*ROW('10-Day Compliance'!$E$5:$E$154)/ROW('10-Day Compliance'!$E$5:$E$154)>=5,0)),"—") -> — | C20: =IF(B20="—","",IFERROR(VLOOKUP(B20,'10-Day Compliance'!$A:$C,3,FALSE())&" "&VLOOKUP(B20,'10-Day Compliance'!$A:$B,2,FALSE()),"")) | D20: =IF(B20="—","",IFERROR(VLOOKUP(B20,'10-Day Compliance'!$A:$E,5,FALSE()),"")) | E20: =IF(B20="—","",IFERROR(VLOOKUP(B20,'10-Day Compliance'!$A:$AA,27,FALSE()),""))
B21: =IFERROR(INDEX('10-Day Compliance'!$A$5:$A$154,MATCH(1,('10-Day Compliance'!$E$5:$E$154>=7)*ROW('10-Day Compliance'!$E$5:$E$154)/ROW('10-Day Compliance'!$E$5:$E$154)>=6,0)),"—") -> — | C21: =IF(B21="—","",IFERROR(VLOOKUP(B21,'10-Day Compliance'!$A:$C,3,FALSE())&" "&VLOOKUP(B21,'10-Day Compliance'!$A:$B,2,FALSE()),"")) | D21: =IF(B21="—","",IFERROR(VLOOKUP(B21,'10-Day Compliance'!$A:$E,5,FALSE()),"")) | E21: =IF(B21="—","",IFERROR(VLOOKUP(B21,'10-Day Compliance'!$A:$AA,27,FALSE()),""))
B23: 📞 PARENT FOLLOW-UPS DUE THIS WEEK
B24: Student | C24: Incident | D24: Follow-Up Date | E24: Admin
B25: =IFERROR(INDEX('Parent Contact Log'!$D$5:$D$254,MATCH(1,('Parent Contact Log'!$Q$5:$Q$254="Yes")*('Parent Contact Log'!$S$5:$S$254<>"Yes")*('Parent Contact Log'!$R$5:$R$254<=TODAY()+7),0)),"—") -> — | C25: =IF(B25="—","",IFERROR(INDEX('Parent Contact Log'!$B$5:$B$254,MATCH(B25,'Parent Contact Log'!$D$5:$D$254,0)),"")) | D25: =IF(B25="—","",IFERROR(INDEX('Parent Contact Log'!$R$5:$R$254,MATCH(B25,'Parent Contact Log'!$D$5:$D$254,0)),"")) | E25: =IF(B25="—","",IFERROR(INDEX('Parent Contact Log'!$T$5:$T$254,MATCH(B25,'Parent Contact Log'!$D$5:$D$254,0)),""))
B26: =IFERROR(INDEX('Parent Contact Log'!$D$5:$D$254,MATCH(1,('Parent Contact Log'!$Q$5:$Q$254="Yes")*('Parent Contact Log'!$S$5:$S$254<>"Yes")*('Parent Contact Log'!$R$5:$R$254<=TODAY()+7),0)),"—") -> — | C26: =IF(B26="—","",IFERROR(INDEX('Parent Contact Log'!$B$5:$B$254,MATCH(B26,'Parent Contact Log'!$D$5:$D$254,0)),"")) | D26: =IF(B26="—","",IFERROR(INDEX('Parent Contact Log'!$R$5:$R$254,MATCH(B26,'Parent Contact Log'!$D$5:$D$254,0)),"")) | E26: =IF(B26="—","",IFERROR(INDEX('Parent Contact Log'!$T$5:$T$254,MATCH(B26,'Parent Contact Log'!$D$5:$D$254,0)),""))
B27: =IFERROR(INDEX('Parent Contact Log'!$D$5:$D$254,MATCH(1,('Parent Contact Log'!$Q$5:$Q$254="Yes")*('Parent Contact Log'!$S$5:$S$254<>"Yes")*('Parent Contact Log'!$R$5:$R$254<=TODAY()+7),0)),"—") -> — | C27: =IF(B27="—","",IFERROR(INDEX('Parent Contact Log'!$B$5:$B$254,MATCH(B27,'Parent Contact Log'!$D$5:$D$254,0)),"")) | D27: =IF(B27="—","",IFERROR(INDEX('Parent Contact Log'!$R$5:$R$254,MATCH(B27,'Parent Contact Log'!$D$5:$D$254,0)),"")) | E27: =IF(B27="—","",IFERROR(INDEX('Parent Contact Log'!$T$5:$T$254,MATCH(B27,'Parent Contact Log'!$D$5:$D$254,0)),""))
B28: =IFERROR(INDEX('Parent Contact Log'!$D$5:$D$254,MATCH(1,('Parent Contact Log'!$Q$5:$Q$254="Yes")*('Parent Contact Log'!$S$5:$S$254<>"Yes")*('Parent Contact Log'!$R$5:$R$254<=TODAY()+7),0)),"—") -> — | C28: =IF(B28="—","",IFERROR(INDEX('Parent Contact Log'!$B$5:$B$254,MATCH(B28,'Parent Contact Log'!$D$5:$D$254,0)),"")) | D28: =IF(B28="—","",IFERROR(INDEX('Parent Contact Log'!$R$5:$R$254,MATCH(B28,'Parent Contact Log'!$D$5:$D$254,0)),"")) | E28: =IF(B28="—","",IFERROR(INDEX('Parent Contact Log'!$T$5:$T$254,MATCH(B28,'Parent Contact Log'!$D$5:$D$254,0)),""))
B29: =IFERROR(INDEX('Parent Contact Log'!$D$5:$D$254,MATCH(1,('Parent Contact Log'!$Q$5:$Q$254="Yes")*('Parent Contact Log'!$S$5:$S$254<>"Yes")*('Parent Contact Log'!$R$5:$R$254<=TODAY()+7),0)),"—") -> — | C29: =IF(B29="—","",IFERROR(INDEX('Parent Contact Log'!$B$5:$B$254,MATCH(B29,'Parent Contact Log'!$D$5:$D$254,0)),"")) | D29: =IF(B29="—","",IFERROR(INDEX('Parent Contact Log'!$R$5:$R$254,MATCH(B29,'Parent Contact Log'!$D$5:$D$254,0)),"")) | E29: =IF(B29="—","",IFERROR(INDEX('Parent Contact Log'!$T$5:$T$254,MATCH(B29,'Parent Contact Log'!$D$5:$D$254,0)),""))
B30: =IFERROR(INDEX('Parent Contact Log'!$D$5:$D$254,MATCH(1,('Parent Contact Log'!$Q$5:$Q$254="Yes")*('Parent Contact Log'!$S$5:$S$254<>"Yes")*('Parent Contact Log'!$R$5:$R$254<=TODAY()+7),0)),"—") -> — | C30: =IF(B30="—","",IFERROR(INDEX('Parent Contact Log'!$B$5:$B$254,MATCH(B30,'Parent Contact Log'!$D$5:$D$254,0)),"")) | D30: =IF(B30="—","",IFERROR(INDEX('Parent Contact Log'!$R$5:$R$254,MATCH(B30,'Parent Contact Log'!$D$5:$D$254,0)),"")) | E30: =IF(B30="—","",IFERROR(INDEX('Parent Contact Log'!$T$5:$T$254,MATCH(B30,'Parent Contact Log'!$D$5:$D$254,0)),""))
B32: 📊 THIS WEEK AT A GLANCE
B33: Total Open Incidents | C33: =COUNTIF('Incident Intake'!X5:X304,"Open") -> 0
B34: In Progress | C34: =COUNTIF('Incident Intake'!X5:X304,"In Progress") -> 0
B35: Parent Contacts This Week | C35: =COUNTIFS('Parent Contact Log'!E5:E254,">="&(TODAY()-7),'Parent Contact Log'!E5:E254,"<="&TODAY()) -> 0
B36: Evidence Items — Legal Hold | C36: =COUNTIF('Evidence Tracker'!S5:S304,"Yes") -> 0
B37: SPED Alerts (Warning+) | C37: =COUNTIF('10-Day Compliance'!AA5:AA154,"*WARNING*")+COUNTIF('10-Day Compliance'!AA5:AA154,"*URGENT*")+COUNTIF('10-Day Compliance'!AA5:AA154,"*EXCEEDED*") -> 0
A39: 🚀 Automate this briefing across all campuses · clearpathedgroup.com/waypoint · Clear Path Education Group, LLC

Sheet Investigation Notes
A1: Investigation Notes — Structured Interview Log & Evidence Review Record
A2: One row per interview, evidence review, or significant action. This is SEPARATE from the Intake record — that legal distinction matters.
A3: BEST PRACTICE: Complete notes within 2 hours of each interview while details are fresh. Include direct quotes where possible. Note what was NOT said as well as what was.
A4: Note ID | B4: Incident ID | C4: ⚙ Student Name | D4: ⚙ Offense | E4: Note Date | F4: Note Time | G4: Note Type | H4: Witness / Subject Name | I4: Witness Role | J4: Interview Location | K4: Interview Conducted By | L4: Statement Summary | M4: Inconsistencies / Flags | N4: Evidence Referenced | O4: Follow-Up Required? | P4: Follow-Up Notes
C5: =IFERROR(VLOOKUP(B5,'Incident Intake'!$A:$G,7,FALSE())&" "&VLOOKUP(B5,'Incident Intake'!$A:$F,6,FALSE()),"") | D5: =IFERROR(VLOOKUP(B5,'Incident Intake'!$A:$J,10,FALSE()),"")
C6: =IFERROR(VLOOKUP(B6,'Incident Intake'!$A:$G,7,FALSE())&" "&VLOOKUP(B6,'Incident Intake'!$A:$F,6,FALSE()),"") | D6: =IFERROR(VLOOKUP(B6,'Incident Intake'!$A:$J,10,FALSE()),"")
C7: =IFERROR(VLOOKUP(B7,'Incident Intake'!$A:$G,7,FALSE())&" "&VLOOKUP(B7,'Incident Intake'!$A:$F,6,FALSE()),"") | D7: =IFERROR(VLOOKUP(B7,'Incident Intake'!$A:$J,10,FALSE()),"")
C8: =IFERROR(VLOOKUP(B8,'Incident Intake'!$A:$G,7,FALSE())&" "&VLOOKUP(B8,'Incident Intake'!$A:$F,6,FALSE()),"") | D8: =IFERROR(VLOOKUP(B8,'Incident Intake'!$A:$J,10,FALSE()),"")
C9: =IFERROR(VLOOKUP(B9,'Incident Intake'!$A:$G,7,FALSE())&" "&VLOOKUP(B9,'Incident Intake'!$A:$F,6,FALSE()),"") | D9: =IFERROR(VLOOKUP(B9,'Incident Intake'!$A:$J,10,FALSE()),"")
C10: =IFERROR(VLOOKUP(B10,'Incident Intake'!$A:$G,7,FALSE())&" "&VLOOKUP(B10,'Incident Intake'!$A:$F,6,FALSE()),"") | D10: =IFERROR(VLOOKUP(B10,'Incident Intake'!$A:$J,10,FALSE()),"")
C11: =IFERROR(VLOOKUP(B11,'Incident Intake'!$A:$G,7,FALSE())&" "&VLOOKUP(B11,'Incident Intake'!$A:$F,6,FALSE()),"") | D11: =IFERROR(VLOOKUP(B11,'Incident Intake'!$A:$J,10,FALSE()),"")
C12: =IFERROR(VLOOKUP(B12,'Incident Intake'!$A:$G,7,FALSE())&" "&VLOOKUP(B12,'Incident Intake'!$A:$F,6,FALSE()),"") | D12: =IFERROR(VLOOKUP(B12,'Incident Intake'!$A:$J,10,FALSE()),"")
C13: =IFERROR(VLOOKUP(B13,'Incident Intake'!$A:$G,7,FALSE())&" "&VLOOKUP(B13,'Incident Intake'!$A:$F,6,FALSE()),"") | D13: =IFERROR(VLOOKUP(B13,'Incident Intake'!$A:$J,10,FALSE()),"")
C14: =IFERROR(VLOOKUP(B14,'Incident Intake'!$A:$G,7,FALSE())&" "&VLOOKUP(B14,'Incident Intake'!$A:$F,6,FALSE()),"") | D14: =IFERROR(VLOOKUP(B14,'Incident Intake'!$A:$J,10,FALSE()),"")
C15: =IFERROR(VLOOKUP(B15,'Incident Intake'!$A:$G,7,FALSE())&" "&VLOOKUP(B15,'Incident Intake'!$A:$F,6,FALSE()),"") | D15: =IFERROR(VLOOKUP(B15,'Incident Intake'!$A:$J,10,FALSE()),"")
C16: =IFERROR(VLOOKUP(B16,'Incident Intake'!$A:$G,7,FALSE())&" "&VLOOKUP(B16,'Incident Intake'!$A:$F,6,FALSE()),"") | D16: =IFERROR(VLOOKUP(B16,'Incident Intake'!$A:$J,10,FALSE()),"")
... C354: =IFERROR(VLOOKUP(B354,'Incident Intake'!$A:$G,7,FALSE())&" "&VLOOKUP(B354,'Incident Intake'!$A:$F,6,FALSE()),"") | D354: =IFERROR(VLOOKUP(B354,'Incident Intake'!$A:$J,10,FALSE()),"")
A355: 🚀 Upgrade to the full platform · clearpathedgroup.com · Clear Path Education Group, LLC

Sheet Reference
A1: Reference — Investigation Standards, Legal Timelines, TEC Citations
A2: Clear Path Education Group, LLC · For organizational use only — not legal advice
A3: INVESTIGATION LEGAL TIMELINES
B4: TEC §37.009 — Conference | C4: DAEP conference must occur BEFORE placement. No time limit stated but must be prompt. If emergency removal, conference as soon as practicable.
B5: TEC §37.005 — Suspension | C5: Maximum 3 days per occurrence. Cannot exceed without DAEP placement. No conference required but good practice.
B6: IDEA — MDR Deadline | C6: MDR must occur within 10 SCHOOL days of the decision to change placement. Failure to meet this deadline exposes district to IDEA complaint.
B7: Title IX — Initial Response | C7: Schools must respond to sexual harassment reports within a reasonably prompt timeframe. Best practice: acknowledge within 24 hours, complete within 30-60 days.
B8: Appeal Response — Campus | C8: No TEC-mandated timeline, but most district policies set 5-10 business days. Check your local policy. Document the deadline and response date.
B9: Appeal Response — District | C9: Most districts allow appeal to district-level within 10 business days of campus decision. Check district policy.
B10: Records Request Response | C10: FERPA requires response within 45 days of records request. Flag any incident as Legal Hold when records are requested.
A12: INVESTIGATION BEST PRACTICES
B13: Interview Order | C13: Interview uninvolved witnesses FIRST (before they talk to other students), then the target/victim, then the subject/accused last. This order preserves the most accurate accounts.
B14: Documentation Timing | C14: Complete interview notes within 2 hours. Memory degrades significantly after 24 hours. Time-stamp everything.
B15: Student Rights | C15: Students have a right to present their version of events before a consequence is assigned (TEC §37.009 / due process). Document that this opportunity was given.
B16: SPED Student Rights | C16: For students with IEPs/504s: notify SPED coordinator before interviewing. If student needs support person, provide one. Document this.
B17: Witness Confidentiality | C17: You may protect witness identity in your summary, but you cannot deny a student the substance of the allegations against them. Consult counsel if uncertain.
B18: Evidence Chain of Custody | C18: Once evidence is collected, it must be documented and secured immediately. Unsecured evidence is inadmissible and exposes the district to claims of tampering.
B19: Parent Calls — Documentation | C19: Document every call: date, time, duration, who you spoke with, exactly what was said, any commitments made. Voicemails count — document attempt date/time.
A21: TEC §37 KEY SECTIONS AT A GLANCE
B22: §37.0012 — CBC | C22: Campus Behavior Coordinator must review every DAEP/expulsion recommendation, consider alternatives, and document the decision. Failure to document = legal exposure.
B23: §37.002 — Teacher Removal | C23: Teacher may remove for disruption; MUST remove for serious threat/assault. Admin must place student within 3 school days. Cannot return to same class without teacher consent.
B24: §37.005 — Suspension (2023) | C24: Max 3 days. CANNOT suspend for: academic failure, truancy, tardiness, first-offense dress code, profanity not directed at someone, minor policy violations.
B25: §37.006 — Mandatory DAEP | C25: Felony conduct, assault on staff, drug/alcohol, retaliation — MANDATORY DAEP. No discretion. Conference required first. SPED MDR within 10 days.
B26: §37.007 — Discretionary DAEP | C26: May place for serious/off-campus misconduct. CBC must document alternatives considered. Cannot use DAEP for academic issues.
B27: §37.007(e) — Expulsion | C27: Mandatory expulsion for firearms (1 year GFSA). Mandatory for drug distribution, targeted violence against staff. JJAEP as alternative. Superintendent hearing required.
A29: SPED QUICK REFERENCE
B30: 10-Day Rule — What Counts | C30: Every ISS and OSS day counts (if school is not providing FAPE). Pattern of removals may trigger change-of-placement before 10 days. Track from day 1.
B31: MDR — Two Questions | C31: (1) Was conduct caused by / had direct relationship to the disability? (2) Was it a direct result of district's failure to implement IEP? YES to either = manifestation.
B32: If Manifestation Found | C32: Return to placement (unless special circumstances — weapon/drug/serious bodily injury). Conduct FBA. Implement/revise BIP. Cannot proceed with DAEP for manifestation behavior.
B33: FAPE During Removal | C33: After 10 cumulative school days, FAPE services must continue. ISS counts if school provides educational benefit. DAEP must provide FAPE. JJAEP must implement IEP.
B34: Legal Hold — When to Use | C34: Immediately when: parent requests records, parent retains attorney, OCR complaint is filed, lawsuit is threatened. All evidence, notes, and records must be preserved.
A35: 🚀 Upgrade to the full platform · clearpathedgroup.com · Clear Path Education Group, LLC

Sheet ↑ Upgrade to Waypoint
A1: ↑ Upgrade to Waypoint — The Full District Discipline Management Platform
A2: Clear Path Education Group, LLC · clearpathedgroup.com/waypoint
A4: This toolkit is the best spreadsheet-based discipline management system available. Waypoint is what comes next.
A5: Feature | B5: This Toolkit (Free/Paid) | C5: Waypoint Platform
A6: Incident Logging | B6: ✅ Manual Excel entry | C6: ✅ Cloud-based, instant
A7: Multi-Campus | B7: ❌ One campus per file | C7: ✅ District-wide, all campuses
A8: 10-Day SPED Tracking | B8: ✅ Manual tracking, day 7 flag | C8: ✅ Real-time alert at day 7
A9: Investigation Workflow | B9: ✅ 5-stage tracker | C9: ✅ Automated routing to admin
A10: Evidence Chain of Custody | B10: ✅ Manual log | C10: ✅ Digital custody with audit trail
A11: Parent Call Scripts | B11: ✅ 15 scripts embedded | C11: ✅ Auto-assigned by offense type
A12: Discipline Trends | B12: ✅ Auto-calculated from intake | C12: ✅ Live visual dashboards
A13: Appeal Tracking | B13: ✅ Manual deadline tracking | C13: ✅ Automated deadline alerts
A14: Outcome Letters | B14: ✅ Key points drafted | C14: ✅ Letter templates auto-generated
A15: Monday Briefing | B15: ✅ Print-ready tab | C15: ✅ Live board + email digest
A16: Staff Collaboration | B16: ❌ Single user file | C16: ✅ Role-based access, all staff
... A21: Integration with DAEP/ISS | B21: ❌ Separate files | C21: ✅ Unified platform — all in one
A23: 🚀 Request a Free Demo → clearpathedgroup.com/waypoint
A25: Also available: DAEP Tracker · ISS Intervention Tracker · TEC Decision Matrix · SPED Compliance Tracker · Navigator Behavior Tracker
A26: 🚀 Upgrade to the full platform · clearpathedgroup.com · Clear Path Education Group, LLC

Sheet Outcome & Letters
A1: Outcome & Letters — Consequence Decisions, Letter Tracking, Appeal Management
A2: One row per incident outcome. Appeal deadlines auto-calculate. ⚙ Appeal Response Due auto-calculates from filing date. Never miss a deadline.
A3: LETTER TEMPLATE PROMPTS: Note key points in col U. Admin drafts final letter using these bullet points. Keeps letters consistent and legally sound.
A4: Incident ID | B4: ⚙ Date | C4: ⚙ Student Name | D4: ⚙ Offense | E4: Investigation Finding | F4: Consequence Assigned | G4: Consequence Start | H4: Consequence End | I4: ⚙ Consequence Duration (days) | J4: Outcome Letter Drafted? | K4: Letter Date Sent | L4: Letter Method | M4: ⚙ Appeal Deadline (21 days from consequence) | N4: Appeal Filed? | O4: Appeal Date Filed | P4: Appeal Status | Q4: ⚙ Appeal Response Due | R4: Hearing Scheduled? | S4: Hearing Date | T4: ⚙ Final Status | U4: Letter Notes / Draft Key Points | V4: Admin Initials
B5: =IFERROR(VLOOKUP(A5,'Incident Intake'!$A:$B,2,FALSE()),"") | C5: =IFERROR(VLOOKUP(A5,'Incident Intake'!$A:$G,7,FALSE())&" "&VLOOKUP(A5,'Incident Intake'!$A:$F,6,FALSE()),"") | D5: =IFERROR(VLOOKUP(A5,'Incident Intake'!$A:$J,10,FALSE()),"") | I5: =IF(OR(G5="",H5=""),"",H5-G5+1) | M5: =IF(G5="","",G5+21) | Q5: =IF(OR(N5<>"Yes",O5=""),"",O5+21) | T5: =IF(A5="","",IF(P5="Resolved — Overturned","OVERTURNED",IF(P5="Resolved — Modified","MODIFIED",IF(P5="Resolved — Upheld","UPHELD — CLOSED",IF(N5="Yes","APPEAL ACTIVE","CLOSED — NO APPEAL")))))
B6: =IFERROR(VLOOKUP(A6,'Incident Intake'!$A:$B,2,FALSE()),"") | C6: =IFERROR(VLOOKUP(A6,'Incident Intake'!$A:$G,7,FALSE())&" "&VLOOKUP(A6,'Incident Intake'!$A:$F,6,FALSE()),"") | D6: =IFERROR(VLOOKUP(A6,'Incident Intake'!$A:$J,10,FALSE()),"") | I6: =IF(OR(G6="",H6=""),"",H6-G6+1) | M6: =IF(G6="","",G6+21) | Q6: =IF(OR(N6<>"Yes",O6=""),"",O6+21) | T6: =IF(A6="","",IF(P6="Resolved — Overturned","OVERTURNED",IF(P6="Resolved — Modified","MODIFIED",IF(P6="Resolved — Upheld","UPHELD — CLOSED",IF(N6="Yes","APPEAL ACTIVE","CLOSED — NO APPEAL")))))
B7: =IFERROR(VLOOKUP(A7,'Incident Intake'!$A:$B,2,FALSE()),"") | C7: =IFERROR(VLOOKUP(A7,'Incident Intake'!$A:$G,7,FALSE())&" "&VLOOKUP(A7,'Incident Intake'!$A:$F,6,FALSE()),"") | D7: =IFERROR(VLOOKUP(A7,'Incident Intake'!$A:$J,10,FALSE()),"") | I7: =IF(OR(G7="",H7=""),"",H7-G7+1) | M7: =IF(G7="","",G7+21) | Q7: =IF(OR(N7<>"Yes",O7=""),"",O7+21) | T7: =IF(A7="","",IF(P7="Resolved — Overturned","OVERTURNED",IF(P7="Resolved — Modified","MODIFIED",IF(P7="Resolved — Upheld","UPHELD — CLOSED",IF(N7="Yes","APPEAL ACTIVE","CLOSED — NO APPEAL")))))
B8: =IFERROR(VLOOKUP(A8,'Incident Intake'!$A:$B,2,FALSE()),"") | C8: =IFERROR(VLOOKUP(A8,'Incident Intake'!$A:$G,7,FALSE())&" "&VLOOKUP(A8,'Incident Intake'!$A:$F,6,FALSE()),"") | D8: =IFERROR(VLOOKUP(A8,'Incident Intake'!$A:$J,10,FALSE()),"") | I8: =IF(OR(G8="",H8=""),"",H8-G8+1) | M8: =IF(G8="","",G8+21) | Q8: =IF(OR(N8<>"Yes",O8=""),"",O8+21) | T8: =IF(A8="","",IF(P8="Resolved — Overturned","OVERTURNED",IF(P8="Resolved — Modified","MODIFIED",IF(P8="Resolved — Upheld","UPHELD — CLOSED",IF(N8="Yes","APPEAL ACTIVE","CLOSED — NO APPEAL")))))
B9: =IFERROR(VLOOKUP(A9,'Incident Intake'!$A:$B,2,FALSE()),"") | C9: =IFERROR(VLOOKUP(A9,'Incident Intake'!$A:$G,7,FALSE())&" "&VLOOKUP(A9,'Incident Intake'!$A:$F,6,FALSE()),"") | D9: =IFERROR(VLOOKUP(A9,'Incident Intake'!$A:$J,10,FALSE()),"") | I9: =IF(OR(G9="",H9=""),"",H9-G9+1) | M9: =IF(G9="","",G9+21) | Q9: =IF(OR(N9<>"Yes",O9=""),"",O9+21) | T9: =IF(A9="","",IF(P9="Resolved — Overturned","OVERTURNED",IF(P9="Resolved — Modified","MODIFIED",IF(P9="Resolved — Upheld","UPHELD — CLOSED",IF(N9="Yes","APPEAL ACTIVE","CLOSED — NO APPEAL")))))
B10: =IFERROR(VLOOKUP(A10,'Incident Intake'!$A:$B,2,FALSE()),"") | C10: =IFERROR(VLOOKUP(A10,'Incident Intake'!$A:$G,7,FALSE())&" "&VLOOKUP(A10,'Incident Intake'!$A:$F,6,FALSE()),"") | D10: =IFERROR(VLOOKUP(A10,'Incident Intake'!$A:$J,10,FALSE()),"") | I10: =IF(OR(G10="",H10=""),"",H10-G10+1) | M10: =IF(G10="","",G10+21) | Q10: =IF(OR(N10<>"Yes",O10=""),"",O10+21) | T10: =IF(A10="","",IF(P10="Resolved — Overturned","OVERTURNED",IF(P10="Resolved — Modified","MODIFIED",IF(P10="Resolved — Upheld","UPHELD — CLOSED",IF(N10="Yes","APPEAL ACTIVE","CLOSED — NO APPEAL")))))
B11: =IFERROR(VLOOKUP(A11,'Incident Intake'!$A:$B,2,FALSE()),"") | C11: =IFERROR(VLOOKUP(A11,'Incident Intake'!$A:$G,7,FALSE())&" "&VLOOKUP(A11,'Incident Intake'!$A:$F,6,FALSE()),"") | D11: =IFERROR(VLOOKUP(A11,'Incident Intake'!$A:$J,10,FALSE()),"") | I11: =IF(OR(G11="",H11=""),"",H11-G11+1) | M11: =IF(G11="","",G11+21) | Q11: =IF(OR(N11<>"Yes",O11=""),"",O11+21) | T11: =IF(A11="","",IF(P11="Resolved — Overturned","OVERTURNED",IF(P11="Resolved — Modified","MODIFIED",IF(P11="Resolved — Upheld","UPHELD — CLOSED",IF(N11="Yes","APPEAL ACTIVE","CLOSED — NO APPEAL")))))
B12: =IFERROR(VLOOKUP(A12,'Incident Intake'!$A:$B,2,FALSE()),"") | C12: =IFERROR(VLOOKUP(A12,'Incident Intake'!$A:$G,7,FALSE())&" "&VLOOKUP(A12,'Incident Intake'!$A:$F,6,FALSE()),"") | D12: =IFERROR(VLOOKUP(A12,'Incident Intake'!$A:$J,10,FALSE()),"") | I12: =IF(OR(G12="",H12=""),"",H12-G12+1) | M12: =IF(G12="","",G12+21) | Q12: =IF(OR(N12<>"Yes",O12=""),"",O12+21) | T12: =IF(A12="","",IF(P12="Resolved — Overturned","OVERTURNED",IF(P12="Resolved — Modified","MODIFIED",IF(P12="Resolved — Upheld","UPHELD — CLOSED",IF(N12="Yes","APPEAL ACTIVE","CLOSED — NO APPEAL")))))
B13: =IFERROR(VLOOKUP(A13,'Incident Intake'!$A:$B,2,FALSE()),"") | C13: =IFERROR(VLOOKUP(A13,'Incident Intake'!$A:$G,7,FALSE())&" "&VLOOKUP(A13,'Incident Intake'!$A:$F,6,FALSE()),"") | D13: =IFERROR(VLOOKUP(A13,'Incident Intake'!$A:$J,10,FALSE()),"") | I13: =IF(OR(G13="",H13=""),"",H13-G13+1) | M13: =IF(G13="","",G13+21) | Q13: =IF(OR(N13<>"Yes",O13=""),"",O13+21) | T13: =IF(A13="","",IF(P13="Resolved — Overturned","OVERTURNED",IF(P13="Resolved — Modified","MODIFIED",IF(P13="Resolved — Upheld","UPHELD — CLOSED",IF(N13="Yes","APPEAL ACTIVE","CLOSED — NO APPEAL")))))
B14: =IFERROR(VLOOKUP(A14,'Incident Intake'!$A:$B,2,FALSE()),"") | C14: =IFERROR(VLOOKUP(A14,'Incident Intake'!$A:$G,7,FALSE())&" "&VLOOKUP(A14,'Incident Intake'!$A:$F,6,FALSE()),"") | D14: =IFERROR(VLOOKUP(A14,'Incident Intake'!$A:$J,10,FALSE()),"") | I14: =IF(OR(G14="",H14=""),"",H14-G14+1) | M14: =IF(G14="","",G14+21) | Q14: =IF(OR(N14<>"Yes",O14=""),"",O14+21) | T14: =IF(A14="","",IF(P14="Resolved — Overturned","OVERTURNED",IF(P14="Resolved — Modified","MODIFIED",IF(P14="Resolved — Upheld","UPHELD — CLOSED",IF(N14="Yes","APPEAL ACTIVE","CLOSED — NO APPEAL")))))
B15: =IFERROR(VLOOKUP(A15,'Incident Intake'!$A:$B,2,FALSE()),"") | C15: =IFERROR(VLOOKUP(A15,'Incident Intake'!$A:$G,7,FALSE())&" "&VLOOKUP(A15,'Incident Intake'!$A:$F,6,FALSE()),"") | D15: =IFERROR(VLOOKUP(A15,'Incident Intake'!$A:$J,10,FALSE()),"") | I15: =IF(OR(G15="",H15=""),"",H15-G15+1) | M15: =IF(G15="","",G15+21) | Q15: =IF(OR(N15<>"Yes",O15=""),"",O15+21) | T15: =IF(A15="","",IF(P15="Resolved — Overturned","OVERTURNED",IF(P15="Resolved — Modified","MODIFIED",IF(P15="Resolved — Upheld","UPHELD — CLOSED",IF(N15="Yes","APPEAL ACTIVE","CLOSED — NO APPEAL")))))
B16: =IFERROR(VLOOKUP(A16,'Incident Intake'!$A:$B,2,FALSE()),"") | C16: =IFERROR(VLOOKUP(A16,'Incident Intake'!$A:$G,7,FALSE())&" "&VLOOKUP(A16,'Incident Intake'!$A:$F,6,FALSE()),"") | D16: =IFERROR(VLOOKUP(A16,'Incident Intake'!$A:$J,10,FALSE()),"") | I16: =IF(OR(G16="",H16=""),"",H16-G16+1) | M16: =IF(G16="","",G16+21) | Q16: =IF(OR(N16<>"Yes",O16=""),"",O16+21) | T16: =IF(A16="","",IF(P16="Resolved — Overturned","OVERTURNED",IF(P16="Resolved — Modified","MODIFIED",IF(P16="Resolved — Upheld","UPHELD — CLOSED",IF(N16="Yes","APPEAL ACTIVE","CLOSED — NO APPEAL")))))
... B154: =IFERROR(VLOOKUP(A154,'Incident Intake'!$A:$B,2,FALSE()),"") | C154: =IFERROR(VLOOKUP(A154,'Incident Intake'!$A:$G,7,FALSE())&" "&VLOOKUP(A154,'Incident Intake'!$A:$F,6,FALSE()),"") | D154: =IFERROR(VLOOKUP(A154,'Incident Intake'!$A:$J,10,FALSE()),"") | I154: =IF(OR(G154="",H154=""),"",H154-G154+1) | M154: =IF(G154="","",G154+21) | Q154: =IF(OR(N154<>"Yes",O154=""),"",O154+21) | T154: =IF(A154="","",IF(P154="Resolved — Overturned","OVERTURNED",IF(P154="Resolved — Modified","MODIFIED",IF(P154="Resolved — Upheld","UPHELD — CLOSED",IF(N154="Yes","APPEAL ACTIVE","CLOSED — NO APPEAL")))))
A155: 🚀 Upgrade to the full platform · clearpathedgroup.com · Clear Path Education Group, LLC

Sheet Lists
A1: OffenseCategories | B1: TecReferences | C1: IncidentLocations | D1: InvestigationStatus | E1: ConsequenceTypes | F1: YesNo | G1: YesNoNA | H1: YesNoPending | I1: SpedStatus | J1: StaffRoles | K1: ContactMethods | L1: ContactPurpose | M1: EvidenceTypes | N1: CustodyStatus | O1: AppealStatus | P1: InvFindings | Q1: DaysOfWeek | R1: Grades | S1: RiskFlags | T1: ScriptKeys | U1: ScriptValues | V1: Note Types
A2: Assault — Bodily Injury | B2: TEC §37.002 — Teacher Removal | C2: Classroom | D2: Open | E2: Verbal Warning | F2: Yes | G2: Yes | H2: Yes | I2: No | J2: Principal | K2: Phone Call | L2: TEC-Required — Suspension Notice | M2: Video Footage — Campus Camera | N2: Secured — Admin Office | O2: Not Filed | P2: Substantiated — Student Responsible | Q2: Monday | R2: PK | S2: None | T2: Assault — Bodily Injury | U2: Opening: 'Hello [Parent Name], this is [Admin Name] at [School]. I'm calling today regarding a serious incident involving [Student Name]. I want to make sure you have accurate information directly from us.' | Share: Date, time, location, what occurred (factual — no speculation). | Required: 'We are required to notify you of this incident. [Student] is currently [safe/receiving medical attention/in the office].' | Do NOT say: who started it, what the consequence is before the investigation is complete, other students' names. | Close: 'I will follow up with you within 24 hours once our investigation is complete. Do you have any immediate concerns for [Student]'s safety?' | Document: Time called, name of person reached, what was shared, any commitments made. | V2: Witness Interview — Student
A3: Assault — Threat / Fear | B3: TEC §37.005 — Suspension | C3: Hallway | D3: In Progress | E3: Parent Contact Only | F3: No | G3: No | H3: No | I3: IEP — IDEA | J3: AP | K3: Voicemail Left | L3: TEC-Required — DAEP Placement Notice | M3: Video Footage — Personal Device | N3: Secured — Safe | O3: Filed — Campus Level | P3: Substantiated — Partial (mitigating factors noted) | Q3: Tuesday | R3: KG | S3: Repeat Offender — 3+ incidents (90 days) | T3: Fighting | U3: Opening: 'Hello [Parent Name], this is [Admin Name] at [School]. I'm calling to notify you of an incident today involving [Student Name].' | Share: That a physical altercation occurred, date, time, location. No names of other students. | Required: 'Both students have been separated and are safe. We are conducting an investigation now.' | Do NOT say: who started it, the other student's name, what the consequence will be. | Close: 'I will call you again once we have completed our review, which will be by [date]. Is there anything you need from us right now?' | Document: Time, contact name, what was shared. | V3: Witness Interview — Staff
A4: Bullying / Cyberbullying | B4: TEC §37.006(a) — Mandatory DAEP | C4: Cafeteria | D4: Finding Reached | E4: Detention | G4: N/A | H4: Pending | I4: 504 Plan | J4: Dean of Students | K4: Email | L4: TEC-Required — Expulsion Notice | M4: Screenshot — Social Media / Text | N4: Submitted to Law Enforcement | O4: Scheduled — Campus Hearing | P4: Unsubstantiated — Insufficient Evidence | Q4: Wednesday | R4: 1 | S4: Repeat — Same Offense (30 days) | T4: Bullying / Cyberbullying | U4: Opening: 'Hello [Parent Name], this is [Admin Name] at [School]. I'm calling regarding a bullying report that involves [Student Name].' | If calling parent of target: 'We take this very seriously and want you to know we are actively investigating.' | If calling parent of alleged bully: 'We have received a report and are required to investigate. [Student] will have the opportunity to share their perspective.' | Required: 'Texas law requires us to investigate all bullying reports and notify both families.' | Do NOT say: the other student's name, what the outcome will be, who made the report. | Close: 'We will complete our review within [X days] and contact you with our findings.' | Document: Role (target/alleged), contact name, what was shared. | V4: Witness Interview — Other Adult
A5: Controlled Substance — Possession | B5: TEC §37.006(a)(2) — Assault on Staff | C5: Gymnasium | D5: Consequence Assigned | E5: ISS — 1 Day | I5: ARD Required | J5: Counselor | K5: In-Person Meeting | L5: TEC-Required — Conference Scheduling | M5: Physical Item — Weapon | N5: Returned to Student | O5: Appealed — District Level | P5: Unfounded — Did Not Occur | Q5: Thursday | R5: 2 | S5: SPED — Approaching 10-Day Limit | T5: Controlled Substance — Possession | U5: Opening: 'Hello [Parent Name], this is [Admin Name] at [School]. I need to speak with you urgently regarding [Student Name].' | Share: Date, time, what was discovered (be specific — type of substance if known). | Required: 'Under Texas law, possession of a controlled substance on school property requires mandatory DAEP placement. I am required to notify you today.' | Required: 'A conference must be held before placement. Can you come in today or tomorrow?' | Do NOT say: who reported it, other students involved. | Close: 'I need you to come in for a required conference. What time works — morning or afternoon?' | Document: Time, name, substance type shared, conference scheduled for [date/time]. | V5: Subject Interview — Student
A6: Controlled Substance — Distribution | B6: TEC §37.006(b) — Drug/Alcohol | C6: Restroom | D6: Closed | E6: ISS — 2 Days | I6: Evaluation Pending | J6: CBC | K6: Written Notice | L6: Voluntary — Incident Notification | M6: Physical Item — Substance | N6: Returned to Parent | O6: Board Review | P6: Self-Defense — Affirmative Defense Applied | Q6: Friday | R6: 3 | S6: SPED — MDR Required | T6: Dangerous Weapon | U6: Opening: 'Hello [Parent Name], this is [Admin Name] at [School]. I'm calling regarding a serious safety matter involving [Student Name].' | Share: A weapon was found/reported. Type if known. Date, time, location. | Required: 'Law enforcement has been [notified/is on campus]. This triggers mandatory DAEP placement under Texas law.' | Required: 'I need you to come to the campus today. A required conference must happen before any placement.' | Do NOT say: what will happen at the conference, other students' names, outcome before investigation. | Close: 'I need you here as soon as possible. Can you be here within [X hours]?' | Document: Time, contact name, law enforcement status disclosed, conference time. | V6: Evidence Review Note
A7: Dangerous Weapon | B7: TEC §37.006(c) — Retaliation | C7: Parking Lot | D7: On Hold — Legal | E7: ISS — 3 Days | J7: Teacher | K7: Text/Portal | L7: Voluntary — Follow-Up | M7: Physical Item — Property | N7: Destroyed per Policy | O7: Resolved — Upheld | P7: Pending — Investigation Continuing | R7: 4 | S7: Legal Hold Active | T7: Terroristic Threat | U7: Opening: 'Hello [Parent Name], this is [Admin Name] at [School]. I'm calling regarding a very serious matter involving [Student Name] that requires your immediate attention.' | Share: A threat was reported today. Date, time. Campus safety team is responding. | Required: 'We are required to conduct a threat assessment and have notified law enforcement.' | Required: '[Student] is currently [in the office/secured/etc.] and is safe.' | Do NOT say: specifics of the threat content, other students' names, outcome. | Close: 'I need you at the campus immediately. This is a required conference. How soon can you arrive?' | Document: Time, contact name, law enforcement status, arrival time committed. | V7: Administrative Observation
A8: Defiance / Insubordination | B8: TEC §37.007(a) — Discretionary DAEP | C8: Bus / Bus Stop | E8: OSS — 1 Day | J8: SRO | L8: Voluntary — Re-Entry Conference | M8: Written Statement — Student | N8: Other | O8: Resolved — Modified | R8: 5 | T8: Harassment | U8: Opening: 'Hello [Parent Name], this is [Admin Name] at [School]. I'm calling to notify you of an incident reported today involving [Student Name].' | If calling parent of target: 'A report of harassment was made. We are investigating and take this seriously.' | If calling parent of alleged: 'A report has been filed that we are required to investigate. [Student] will be interviewed as part of our process.' | Do NOT say: the other student's name, outcome, who filed the report. | Close: 'Our investigation will be complete by [date]. I will follow up with you directly.' | Document: Role, contact name, what was shared. | V8: Parent Contact Note
A9: Disruption of Class | B9: TEC §37.007(b) — Off-Campus Felony | C9: Athletic Field | E9: OSS — 2 Days | J9: Other | L9: Voluntary — Behavior Concern | M9: Written Statement — Witness | O9: Resolved — Overturned | R9: 6 | T9: Truancy / Attendance | U9: Opening: 'Hello [Parent Name], this is [Admin Name] at [School]. I'm calling regarding [Student Name]'s attendance record.' | Share: Number of absences this year/semester. Specific dates if relevant. | Required: 'Texas law requires us to notify you that [Student] has accumulated [X] unexcused absences. At 10 or more, we are required to refer to the county court.' | Collaborative: 'I want to work with you to understand what barriers are making it hard for [Student] to attend. Can we set up a meeting?' | Do NOT say: threat or blame before understanding barriers. | Close: 'I would like to schedule an attendance improvement meeting. When is a good time for you this week?' | Document: Number of absences disclosed, family barriers shared, meeting scheduled. | V9: Law Enforcement Coordination
A10: Fighting | B10: TEC §37.007(c) — Terroristic Threat | C10: Library | E10: OSS — 3 Days | L10: Response to Parent-Initiated Contact | M10: Written Statement — Staff | R10: 7 | T10: Vandalism / Property Damage | U10: Opening: 'Hello [Parent Name], this is [Admin Name] at [School]. I'm calling about an incident of property damage on campus involving [Student Name].' | Share: What was damaged, estimated value if known, date/time. | Required: '[Student] may be responsible for restitution for the cost of repair/replacement.' | Process: 'We are completing our investigation. Once we confirm responsibility, we will discuss next steps including consequences and restitution.' | Close: 'I will contact you again by [date] with our finding. Do you have any questions?' | Document: Damage described, restitution mentioned, contact name. | V10: SPED Coordinator Consultation
A11: Firearm | B11: TEC §37.007(e)(1) — Firearm (Mandatory Expulsion) | C11: Off Campus — School-Sponsored Event | E11: DAEP — Discretionary | M11: Medical Report | R11: 8 | T11: Theft | U11: Opening: 'Hello [Parent Name], this is [Admin Name] at [School]. I'm calling regarding a theft report involving [Student Name].' | Share: General description of what occurred, date, location. | Process: 'We are investigating and interviewing students. [Student] will have the opportunity to share their side.' | Required: 'If responsibility is confirmed, restitution and a consequence under our code of conduct will be required.' | Close: 'I will follow up with you by [date] with our finding.' | Document: What was described, contact name. | V11: Legal Counsel
A12: Harassment | B12: TEC §37.0012 — CBC Review Required | C12: Off Campus — Other | E12: DAEP — Mandatory | M12: Police Report | R12: 9 | T12: Sexual Harassment / Misconduct | U12: Opening: 'Hello [Parent Name], this is [Admin Name] at [School]. I need to speak with you about a serious matter involving [Student Name].' | Required: 'Our school is required under Title IX and Texas law to investigate all reports of sexual harassment or misconduct.' | If calling parent of target: 'A report was made. We are committed to taking this seriously and completing a thorough investigation. [Student]'s safety is our priority.' | If calling parent of alleged: 'A report has been filed. [Student] will have the opportunity to respond during the investigation.' | Do NOT say: details of the allegation, the other student's name, outcome. | Required: 'A Title IX coordinator is involved in this investigation.' | Document: Role, Title IX coordinator involvement disclosed, contact name.
A13: Sexual Harassment / Misconduct | B13: TEC §37.0832 — Bullying | C13: Online / Social Media | E13: Expulsion Referral | M13: Search Record | R13: 10 | T13: Defiance / Insubordination | U13: Opening: 'Hello [Parent Name], this is [Admin Name] at [School]. I'm calling about a behavioral incident today with [Student Name].' | Share: General description — refused to follow staff direction, specific location and time. | Collaborative: 'I want to share what happened and also hear from you about anything that may be going on with [Student] that I should know.' | Process: 'We have assigned [consequence]. I want to make sure we are working together so this doesn't continue.' | Close: 'Is there anything at home I should be aware of? And can we agree to follow up in [X days] to see how [Student] is doing?' | Document: Consequence mentioned, family context shared, follow-up committed.
A14: Terroristic Threat | B14: Campus Code of Conduct | E14: Law Enforcement Referral | M14: Photograph | R14: 11 | T14: Disruption of Class | U14: Opening: 'Hello [Parent Name], this is [Admin Name] at [School]. I'm calling about a classroom disruption today involving [Student Name].' | Share: Class period, general nature of disruption, teacher name. | Collaborative: 'I want to loop you in so we can address this together before it becomes a pattern.' | Process: 'Today's consequence is [X]. I'm asking for your support in reinforcing expectations at home.' | Close: 'What questions do you have? Is there anything going on that might be affecting [Student]'s behavior?' | Document: Consequence mentioned, parent response.
A15: Theft | B15: Other | E15: No Action — Unfounded | M15: Other | R15: 12 | T15: Tobacco / E-Cigarette / Vaping | U15: Opening: 'Hello [Parent Name], this is [Admin Name] at [School]. I'm calling about a vaping/tobacco violation today involving [Student Name].' | Share: What was confiscated, location, time. | Required: '[Item] has been confiscated per campus policy. It will not be returned.' | Process: 'The consequence for this first offense is [X]. This is documented in [Student]'s discipline record.' | Health note: 'I would encourage a conversation at home about the health risks — nicotine addiction is a real concern at this age.' | Close: 'Do you have questions about the consequence or next steps?' | Document: Item confiscated, consequence, contact name.
A16: Tobacco / E-Cigarette / Vaping | E16: No Action — Self-Defense | T16: Other — Campus Policy | U16: Opening: 'Hello [Parent Name], this is [Admin Name] at [School]. I'm calling to notify you of a behavioral incident involving [Student Name].' | Share: Brief description, date, time, location. | Process: 'We are/have [investigated / assigned consequence / scheduled a conference].' | Collaborative: 'I want to keep you informed and make sure we are working together to support [Student].' | Close: 'Do you have questions? When can you be available for a follow-up conversation if needed?' | Document: What was shared, parent response, follow-up agreed.
A17: Truancy / Attendance | E17: Alternative Consequence (see notes)
A18: Vandalism / Property Damage
A19: Other — Campus Policy
